id,firstname,lastname,email,profession,dateCreated,country,city
100,Andree,Flita,Andree.Flita@gmail.com,worker,2020-08-31,Wallis and Futuna,Nanjing
101,Di,Lauraine,Di.Lauraine@gmail.com,developer,2021-03-20,"Virgin Islands, British",Chennai
102,Cassondra,Cadmar,Cassondra.Cadmar@gmail.com,developer,2021-04-24,United Kingdom,Douglas
103,Marline,Clie,Marline.Clie@gmail.com,doctor,2020-03-30,Hong Kong,Dongguan
104,Lanae,Salvidor,Lanae.Salvidor@gmail.com,doctor,2022-07-18,Greenland,Banjul
105,Christy,Raffo,Christy.Raffo@gmail.com,police officer,2020-10-04,Nicaragua,Canberra
106,Jere,Hoban,Jere.Hoban@gmail.com,firefighter,2022-02-16,Macao,Brasília
107,Nananne,Rooney,Nananne.Rooney@gmail.com,doctor,2021-05-09,Bhutan,Port Hedland
108,Zaria,Bari,Zaria.Bari@gmail.com,police officer,2022-05-27,Turkey,Atlanta
109,Mady,Fillbert,Mady.Fillbert@gmail.com,doctor,2021-06-01,Solomon Islands,Guangzhou
110,Leona,Lutero,Leona.Lutero@gmail.com,worker,2022-01-15,Iraq,Kyoto
111,Justinn,Lymann,Justinn.Lymann@gmail.com,developer,2020-11-19,Georgia,Lomé
112,Quintina,Vivle,Quintina.Vivle@gmail.com,firefighter,2020-05-05,Gabon,Bursa
113,Annabela,Alva,Annabela.Alva@gmail.com,worker,2020-01-11,Antarctica,Iqaluit
114,Lauryn,Bobbee,Lauryn.Bobbee@gmail.com,worker,2022-07-13,Lesotho,Dushanbe
115,Jacenta,Virgin,Jacenta.Virgin@gmail.com,firefighter,2022-05-29,Albania,Nouméa
116,Anallese,Wind,Anallese.Wind@gmail.com,police officer,2022-07-21,Algeria,Padang
117,Belva,Ephrem,Belva.Ephrem@gmail.com,firefighter,2022-07-14,Austria,Berlin
118,Laure,Rolf,Laure.Rolf@gmail.com,developer,2020-11-17,Peru,Yokohama
119,Florencia,Rad,Florencia.Rad@gmail.com,police officer,2020-02-29,Ecuador,Portland
120,Paulita,Rurik,Paulita.Rurik@gmail.com,doctor,2021-09-03,Sao Tome and Principe,Leipzig
121,Paule,Emerson,Paule.Emerson@gmail.com,developer,2022-02-12,United Arab Emirates,Dushanbe
122,Amara,Macey,Amara.Macey@gmail.com,firefighter,2022-01-08,Estonia,Marrakech
123,Libbie,Ailyn,Libbie.Ailyn@gmail.com,firefighter,2020-10-13,Maldives,Norilsk
124,Alisha,Aldric,Alisha.Aldric@gmail.com,police officer,2020-12-05,Venezuela,Macapá
125,Gloria,Prober,Gloria.Prober@gmail.com,police officer,2021-11-29,Svalbard and Jan Mayen,Honolulu
126,Ebonee,Celestine,Ebonee.Celestine@gmail.com,developer,2020-09-13,Cocos (Keeling) Islands,Islamabad
127,Chrystel,Ferino,Chrystel.Ferino@gmail.com,police officer,2020-12-09,Viet Nam,Marrakech
128,Lucy,Tarrant,Lucy.Tarrant@gmail.com,doctor,2020-07-10,Afghanistan,Pyongyang
129,Valera,Pettiford,Valera.Pettiford@gmail.com,doctor,2022-04-26,Latvia,Labasa
130,Nikki,Dorothy,Nikki.Dorothy@gmail.com,worker,2020-01-31,Grenada,Charlotte
131,Mireielle,Brackely,Mireielle.Brackely@gmail.com,worker,2021-08-09,Brunei Darussalam,Las Vegas
132,Averyl,Solitta,Averyl.Solitta@gmail.com,worker,2021-06-25,Christmas Island,Juneau
133,Lila,MacIntosh,Lila.MacIntosh@gmail.com,doctor,2021-01-10,"Korea, Democratic People""S Republic of",Da Nang
134,Joy,Slifka,Joy.Slifka@gmail.com,firefighter,2020-06-03,Saint Pierre and Miquelon,Minsk
135,Valera,Markman,Valera.Markman@gmail.com,worker,2020-08-15,Pitcairn,Port Elizabeth
136,Paola,Travax,Paola.Travax@gmail.com,firefighter,2021-01-23,Yemen,Asmara
137,Joy,Orlene,Joy.Orlene@gmail.com,firefighter,2021-07-20,Niue,Bern
138,Dennie,Remmer,Dennie.Remmer@gmail.com,police officer,2020-05-10,Slovakia,Cincinnati
139,Carree,McAdams,Carree.McAdams@gmail.com,police officer,2020-05-01,Hungary,George Town
140,Fred,Guthrie,Fred.Guthrie@gmail.com,worker,2020-11-23,Liberia,Kuala Lumpur
141,Susette,Kaja,Susette.Kaja@gmail.com,doctor,2020-02-23,Jamaica,Ponta Delgada
142,Desirae,Louanna,Desirae.Louanna@gmail.com,police officer,2020-04-03,Cocos (Keeling) Islands,Ludhiana
143,Arlena,Hollingsworth,Arlena.Hollingsworth@gmail.com,worker,2021-12-30,Wallis and Futuna,Podgorica
144,Lanae,Berne,Lanae.Berne@gmail.com,police officer,2021-10-06,Belgium,Virginia Beach
145,Doro,Braun,Doro.Braun@gmail.com,worker,2020-10-29,New Zealand,Bangalore
146,Sabina,Lorenz,Sabina.Lorenz@gmail.com,worker,2020-08-31,Egypt,London
147,Maurene,Santoro,Maurene.Santoro@gmail.com,firefighter,2021-04-30,Liberia,Frankfurt
148,Brooks,Lucienne,Brooks.Lucienne@gmail.com,developer,2021-08-30,Mongolia,Serekunda
149,Ulrike,Lanita,Ulrike.Lanita@gmail.com,police officer,2021-08-26,Northern Mariana Islands,Port Elizabeth
150,Sissy,Crudden,Sissy.Crudden@gmail.com,developer,2020-05-11,"Moldova, Republic of",Kuching
151,Lorne,Kirstin,Lorne.Kirstin@gmail.com,developer,2020-03-23,Fiji,Port Said
152,Amalie,Aprile,Amalie.Aprile@gmail.com,worker,2022-02-09,Bangladesh,Accra
153,Kary,Lindemann,Kary.Lindemann@gmail.com,developer,2021-03-17,Malawi,Geelong
154,Marita,Martsen,Marita.Martsen@gmail.com,firefighter,2021-07-28,Yemen,Asunción
155,Farrah,Erlandson,Farrah.Erlandson@gmail.com,firefighter,2021-03-11,Philippines,Lusaka
156,Steffane,Erich,Steffane.Erich@gmail.com,developer,2020-10-12,Suriname,Phoenix
157,Pollyanna,Joni,Pollyanna.Joni@gmail.com,police officer,2020-01-08,Slovakia,Zapopan
158,Jan,Wu,Jan.Wu@gmail.com,doctor,2022-04-15,Cook Islands,Manchester
159,Veda,Olin,Veda.Olin@gmail.com,worker,2020-06-01,Marshall Islands,San Fernando
160,Albertina,Brady,Albertina.Brady@gmail.com,firefighter,2022-06-19,Russian Federation,El Paso
161,Gisela,Saunderson,Gisela.Saunderson@gmail.com,developer,2021-04-07,United Arab Emirates,Phoenix
162,Sadie,Lindemann,Sadie.Lindemann@gmail.com,doctor,2021-10-05,Nauru,Dubai
163,Carolina,Glovsky,Carolina.Glovsky@gmail.com,police officer,2021-11-17,Croatia,Caracas
164,Letizia,Brenn,Letizia.Brenn@gmail.com,doctor,2020-03-02,Spain,Hanoi
165,Theodora,Carolin,Theodora.Carolin@gmail.com,developer,2021-05-10,Israel,Saint Petersburg
166,Jere,Shanley,Jere.Shanley@gmail.com,worker,2022-06-21,South Georgia and the South Sandwich Islands,Nicosia
167,Elsie,Pandolfi,Elsie.Pandolfi@gmail.com,firefighter,2020-02-28,Jordan,Hagåtña
168,Jan,Faust,Jan.Faust@gmail.com,doctor,2021-01-22,Iraq,Saint Petersburg
169,Clementine,Lauraine,Clementine.Lauraine@gmail.com,developer,2021-12-29,New Zealand,Tbilisi
170,Theodora,Saint,Theodora.Saint@gmail.com,police officer,2020-03-10,Egypt,Philadelphia
171,Patricia,Felecia,Patricia.Felecia@gmail.com,firefighter,2021-08-15,San Marino,Birmingham
172,Ethel,Kiyoshi,Ethel.Kiyoshi@gmail.com,developer,2020-02-05,Benin,Alor Star
173,Randa,Vernier,Randa.Vernier@gmail.com,worker,2020-02-06,Uzbekistan,Port Said
174,Dorthy,Mullane,Dorthy.Mullane@gmail.com,developer,2021-03-17,Nauru,London
175,Ingrid,Wadell,Ingrid.Wadell@gmail.com,police officer,2020-01-19,Cameroon,Iloilo City
176,Anestassia,Minetta,Anestassia.Minetta@gmail.com,developer,2021-02-20,Martinique,Toronto
177,Hope,Marijo,Hope.Marijo@gmail.com,developer,2021-11-17,Serbia and Montenegro,Rotterdam
178,Ida,Tamsky,Ida.Tamsky@gmail.com,developer,2020-06-20,Anguilla,Los Angeles
179,Jessamyn,Dawkins,Jessamyn.Dawkins@gmail.com,firefighter,2020-09-14,Uganda,Niamey
180,Adele,Chabot,Adele.Chabot@gmail.com,doctor,2020-07-14,Uganda,Düsseldorf
181,Lenna,MacIntosh,Lenna.MacIntosh@gmail.com,developer,2021-06-29,Portugal,Cuiabá
182,Roseline,Linskey,Roseline.Linskey@gmail.com,doctor,2021-02-11,Bangladesh,Bratsk
183,Averyl,Amethist,Averyl.Amethist@gmail.com,developer,2020-09-03,Ghana,Jinan
184,Fidelia,Fleeta,Fidelia.Fleeta@gmail.com,firefighter,2020-12-08,Australia,Rosario
185,Melisent,Jerold,Melisent.Jerold@gmail.com,worker,2021-08-30,Tonga,Angra do Heroísmo
186,Beth,Jorgan,Beth.Jorgan@gmail.com,police officer,2021-02-19,Netherlands,Surat
187,Micheline,Adore,Micheline.Adore@gmail.com,police officer,2021-04-10,Tunisia,Da Nang
188,Raf,Gibbeon,Raf.Gibbeon@gmail.com,police officer,2021-02-18,Greenland,Konya
189,Susan,Ball,Susan.Ball@gmail.com,doctor,2020-05-01,Senegal,Avarua
190,Imojean,Elbertina,Imojean.Elbertina@gmail.com,firefighter,2020-12-10,Zimbabwe,Newcastle
191,Elbertina,Macey,Elbertina.Macey@gmail.com,worker,2021-08-11,Haiti,Mérida
192,Tobe,Cohdwell,Tobe.Cohdwell@gmail.com,developer,2020-09-21,Chile,Malé
193,Rivalee,Joeann,Rivalee.Joeann@gmail.com,firefighter,2020-09-26,Papua New Guinea,Pretoria
194,Marcelline,Fairweather,Marcelline.Fairweather@gmail.com,developer,2022-01-20,Northern Mariana Islands,Port Elizabeth
195,Melisent,Devlen,Melisent.Devlen@gmail.com,developer,2020-03-31,Nigeria,Adana
196,Lanae,Riva,Lanae.Riva@gmail.com,police officer,2022-06-03,Nicaragua,Kaohsiung
197,Melina,Zola,Melina.Zola@gmail.com,worker,2022-03-03,"Moldova, Republic of",Charlottetown
198,Korrie,Heidt,Korrie.Heidt@gmail.com,police officer,2021-04-18,Maldives,Gaborone
199,Arlina,Sikorski,Arlina.Sikorski@gmail.com,firefighter,2021-04-07,Greenland,Cork (city)
200,Courtnay,Goldina,Courtnay.Goldina@gmail.com,firefighter,2022-01-04,Greece,Santo Domingo
201,Jackie,Rebecka,Jackie.Rebecka@gmail.com,developer,2022-06-15,Turkey,Jamestown
202,Cacilie,Podvin,Cacilie.Podvin@gmail.com,developer,2020-05-15,Romania,Fort-de-France
203,Fredericka,Dominy,Fredericka.Dominy@gmail.com,developer,2022-02-28,Liberia,Yokohama
204,Nollie,Brodench,Nollie.Brodench@gmail.com,police officer,2021-07-17,Turkmenistan,Port Elizabeth
205,Joeann,Teryn,Joeann.Teryn@gmail.com,developer,2021-02-23,Turks and Caicos Islands,Sucre
206,Averyl,Gale,Averyl.Gale@gmail.com,police officer,2020-11-22,Brazil,Regina
207,Alexine,Tice,Alexine.Tice@gmail.com,police officer,2020-04-04,Slovakia,Graz
208,Kate,Nester,Kate.Nester@gmail.com,worker,2021-06-28,Cambodia,Mexico City
209,Lizzie,Hoban,Lizzie.Hoban@gmail.com,worker,2020-09-19,Finland,Reykjavík
210,Rosabelle,Elephus,Rosabelle.Elephus@gmail.com,developer,2021-12-20,Turks and Caicos Islands,Gangtok
211,Alleen,Berne,Alleen.Berne@gmail.com,firefighter,2020-05-15,Svalbard and Jan Mayen,Aarhus
212,Dode,Merna,Dode.Merna@gmail.com,doctor,2021-11-10,Tuvalu,Handan
213,Heddie,Selway,Heddie.Selway@gmail.com,doctor,2021-10-30,Chile,Adelaide
214,Lynnea,Old,Lynnea.Old@gmail.com,police officer,2022-07-03,Panama,Belmopan
215,Dagmar,Georgy,Dagmar.Georgy@gmail.com,developer,2022-07-25,Liberia,Bergen
216,Rosabelle,Zitvaa,Rosabelle.Zitvaa@gmail.com,worker,2020-06-22,Honduras,Atlanta
217,Amii,Helve,Amii.Helve@gmail.com,firefighter,2021-06-14,Niue,Ipoh
218,Lory,Macey,Lory.Macey@gmail.com,doctor,2020-05-01,"Virgin Islands, British",Gaza
219,Charmaine,Corabella,Charmaine.Corabella@gmail.com,developer,2020-02-07,Czech Republic,Nantes
220,Sophia,Carbo,Sophia.Carbo@gmail.com,police officer,2021-02-14,Cape Verde,Baghdad
221,Nelle,Nickola,Nelle.Nickola@gmail.com,developer,2020-01-18,Italy,Bissau
222,Tierney,Carolin,Tierney.Carolin@gmail.com,firefighter,2020-04-20,Equatorial Guinea,Koror
223,Arlena,Hailee,Arlena.Hailee@gmail.com,developer,2022-04-25,Cambodia,La Serena
224,Tina,Sibyls,Tina.Sibyls@gmail.com,developer,2021-05-15,"Iran, Islamic Republic Of",Newcastle
225,Silvana,Schenck,Silvana.Schenck@gmail.com,firefighter,2021-12-11,French Polynesia,Bujumbura
226,Fanny,Dimitris,Fanny.Dimitris@gmail.com,doctor,2020-02-01,Tuvalu,Lima
227,Silvana,Gordon,Silvana.Gordon@gmail.com,worker,2021-05-04,Dominica,Mbabane
228,Marcy,Orlene,Marcy.Orlene@gmail.com,firefighter,2020-10-08,Panama,Stepanakert
229,Ulrike,Kesley,Ulrike.Kesley@gmail.com,firefighter,2020-09-22,Zambia,Manila
230,Mady,Percy,Mady.Percy@gmail.com,firefighter,2021-03-31,"Moldova, Republic of",South Tarawa
231,Lusa,Center,Lusa.Center@gmail.com,worker,2021-08-03,Anguilla,Mandurah
232,Florie,Kalinda,Florie.Kalinda@gmail.com,worker,2020-05-17,Comoros,Buffalo
233,Ileana,Audly,Ileana.Audly@gmail.com,worker,2020-08-08,Guinea-Bissau,Miami
234,Nikki,Vale,Nikki.Vale@gmail.com,worker,2020-07-10,Saint Pierre and Miquelon,Cologne
235,Sherrie,Oster,Sherrie.Oster@gmail.com,firefighter,2020-05-14,Western Sahara,Phuket (city)
236,Xylina,Ax,Xylina.Ax@gmail.com,developer,2021-08-04,Burundi,Kota Bharu
237,Jacquetta,Michella,Jacquetta.Michella@gmail.com,developer,2020-06-21,Jamaica,Yogyakarta (city)
238,Odessa,Scammon,Odessa.Scammon@gmail.com,firefighter,2020-08-24,Cook Islands,Antwerp
239,Kylynn,Constancy,Kylynn.Constancy@gmail.com,worker,2020-11-23,Sweden,Quebec City
240,Lacie,Tayib,Lacie.Tayib@gmail.com,worker,2021-03-21,Nicaragua,Rochester
241,Karena,Berard,Karena.Berard@gmail.com,worker,2020-09-26,United Kingdom,Greenwich
242,Ashlee,Ellerey,Ashlee.Ellerey@gmail.com,firefighter,2022-07-28,"Korea, Republic of",Nicosia
243,Berta,Shanley,Berta.Shanley@gmail.com,doctor,2021-11-17,Cayman Islands,Ahmedabad
244,Carolina,Pip,Carolina.Pip@gmail.com,worker,2020-12-11,Oman,Palma
245,Edith,Killigrew,Edith.Killigrew@gmail.com,firefighter,2020-11-25,Peru,Cork (city)
246,Valera,Vary,Valera.Vary@gmail.com,firefighter,2020-08-12,Morocco,Salzburg
247,Deane,Capello,Deane.Capello@gmail.com,firefighter,2020-12-05,Equatorial Guinea,Dhaka
248,Petronia,Swanhildas,Petronia.Swanhildas@gmail.com,doctor,2021-03-02,Grenada,Yokohama
249,Marita,Middleton,Marita.Middleton@gmail.com,police officer,2021-07-14,Argentina,Lima
250,Bernie,Marcellus,Bernie.Marcellus@gmail.com,police officer,2020-08-23,Benin,Albuquerque
251,Gisela,Christine,Gisela.Christine@gmail.com,firefighter,2021-01-08,Montserrat,Hanga Roa
252,Jeanna,Wiener,Jeanna.Wiener@gmail.com,developer,2021-09-29,Uganda,Pelotas
253,Justinn,Hutchison,Justinn.Hutchison@gmail.com,police officer,2020-09-18,Bulgaria,Gangtok
254,Leanna,Cecile,Leanna.Cecile@gmail.com,police officer,2021-04-17,Heard Island and Mcdonald Islands,Cuiabá
255,Corly,Dudley,Corly.Dudley@gmail.com,developer,2021-09-09,"Iran, Islamic Republic Of",Hong Kong
256,June,Carri,June.Carri@gmail.com,police officer,2020-08-09,Algeria,Medan
257,Cristabel,Bohlin,Cristabel.Bohlin@gmail.com,firefighter,2022-03-02,Heard Island and Mcdonald Islands,Las Vegas
258,Odessa,Weinreb,Odessa.Weinreb@gmail.com,firefighter,2022-01-11,Congo,Cologne
259,Jsandye,Bashemeth,Jsandye.Bashemeth@gmail.com,doctor,2020-06-22,Netherlands Antilles,Turin
260,Berget,Adalbert,Berget.Adalbert@gmail.com,firefighter,2021-07-04,Lebanon,Zürich
261,Hildegaard,Lanita,Hildegaard.Lanita@gmail.com,firefighter,2021-06-17,Macao,Santiago de Cuba
262,Vanessa,Donoghue,Vanessa.Donoghue@gmail.com,firefighter,2020-11-27,Cocos (Keeling) Islands,Split (city)
263,Rivalee,Tristram,Rivalee.Tristram@gmail.com,police officer,2022-01-05,Peru,Suez
264,Leia,Vilma,Leia.Vilma@gmail.com,developer,2020-02-01,Costa Rica,Taiyuan
265,Gabi,Kussell,Gabi.Kussell@gmail.com,police officer,2020-08-23,Ethiopia,Iqaluit
266,Bettine,Quinn,Bettine.Quinn@gmail.com,doctor,2021-09-12,Grenada,Strasbourg
267,Linzy,Erminia,Linzy.Erminia@gmail.com,police officer,2021-02-20,Norway,Honolulu
268,Teriann,Sundin,Teriann.Sundin@gmail.com,police officer,2021-08-06,Bhutan,Hanga Roa
269,Abbie,Vins,Abbie.Vins@gmail.com,police officer,2020-08-07,Uganda,Los Angeles
270,Clarice,Kravits,Clarice.Kravits@gmail.com,developer,2020-07-24,Lesotho,Málaga
271,Charlena,Izaak,Charlena.Izaak@gmail.com,developer,2021-03-30,Barbados,Horta (Azores)
272,Bobbi,Katrine,Bobbi.Katrine@gmail.com,firefighter,2022-02-03,French Southern Territories,Cartagena
273,Patricia,Chauncey,Patricia.Chauncey@gmail.com,worker,2021-01-30,Jersey,Santiago de Cuba
274,Merry,Peti,Merry.Peti@gmail.com,developer,2020-08-26,Bouvet Island,Mecca
275,Dorothy,Gavrila,Dorothy.Gavrila@gmail.com,police officer,2021-11-01,New Zealand,Córdoba
276,Gabi,Raseda,Gabi.Raseda@gmail.com,firefighter,2021-04-03,"Tanzania, United Republic of",Dushanbe
277,Codie,Alwin,Codie.Alwin@gmail.com,doctor,2020-12-09,Syrian Arab Republic,Reykjavík
278,Aryn,Morgun,Aryn.Morgun@gmail.com,doctor,2020-10-19,Vanuatu,Valparaíso
279,Marylou,Infield,Marylou.Infield@gmail.com,doctor,2022-03-23,Singapore,The Hague
280,Florie,Amasa,Florie.Amasa@gmail.com,developer,2021-04-30,Monaco,Christchurch
281,Fanchon,Lemuela,Fanchon.Lemuela@gmail.com,developer,2022-02-12,French Polynesia,Macapá
282,Shel,Cressida,Shel.Cressida@gmail.com,police officer,2020-11-04,Malawi,La Paz
283,Chickie,Leopold,Chickie.Leopold@gmail.com,police officer,2022-01-26,Mozambique,Nagoya
284,Myriam,Gahl,Myriam.Gahl@gmail.com,police officer,2021-11-01,Italy,Glasgow
285,Shannah,Berard,Shannah.Berard@gmail.com,firefighter,2020-03-02,"Congo, The Democratic Republic of the",Riyadh
286,Queenie,Peonir,Queenie.Peonir@gmail.com,police officer,2020-08-20,Dominica,Panama City
287,Yetty,Ludewig,Yetty.Ludewig@gmail.com,doctor,2021-05-01,Zambia,Ponta Delgada
288,Maridel,Jary,Maridel.Jary@gmail.com,police officer,2021-12-09,Guatemala,Bandar Seri Begawan
289,Magdalena,Gabrielli,Magdalena.Gabrielli@gmail.com,police officer,2022-07-22,United Arab Emirates,Abuja
290,Sallie,Rhu,Sallie.Rhu@gmail.com,doctor,2021-03-17,South Georgia and the South Sandwich Islands,Kaesong
291,Elbertina,Shanley,Elbertina.Shanley@gmail.com,police officer,2020-02-08,Zambia,Ciudad del Este
292,Orsola,Garbe,Orsola.Garbe@gmail.com,police officer,2021-08-12,Kuwait,Port Vila
293,Estell,Aldric,Estell.Aldric@gmail.com,worker,2021-11-23,Costa Rica,Geelong
294,Glynnis,Ruvolo,Glynnis.Ruvolo@gmail.com,police officer,2020-03-22,Denmark,Sucre
295,Melina,Ellord,Melina.Ellord@gmail.com,firefighter,2020-11-30,Portugal,Batticaloa
296,Romona,Anderea,Romona.Anderea@gmail.com,firefighter,2020-10-20,Dominican Republic,São Paulo
297,Raina,Faro,Raina.Faro@gmail.com,worker,2021-06-04,Australia,Dublin
298,Janis,Roche,Janis.Roche@gmail.com,worker,2022-05-01,Honduras,Anadyr (town)
299,Melodie,Medrek,Melodie.Medrek@gmail.com,developer,2021-05-27,Uganda,Ushuaia
300,Ermengarde,Latini,Ermengarde.Latini@gmail.com,doctor,2020-06-13,Saint Vincent and the Grenadines,Bridgetown
301,Sheree,Chapland,Sheree.Chapland@gmail.com,developer,2021-02-11,Djibouti,Nagoya
302,Tamqrah,Daniele,Tamqrah.Daniele@gmail.com,doctor,2020-03-18,Guinea-Bissau,Quezon City
303,Millie,Redmond,Millie.Redmond@gmail.com,police officer,2021-03-25,Tuvalu,Nagpur
304,Keelia,Fiester,Keelia.Fiester@gmail.com,developer,2020-04-18,Aruba,Ipoh
305,Caressa,Maurine,Caressa.Maurine@gmail.com,developer,2020-01-27,Ecuador,Cincinnati
306,Larine,Magnolia,Larine.Magnolia@gmail.com,police officer,2020-07-13,Slovenia,San Salvador
307,Annabela,Xerxes,Annabela.Xerxes@gmail.com,worker,2020-06-02,Tunisia,Yaoundé
308,Mahalia,Jehu,Mahalia.Jehu@gmail.com,firefighter,2022-05-10,Svalbard and Jan Mayen,Managua
309,Paule,Ludewig,Paule.Ludewig@gmail.com,firefighter,2020-08-04,Trinidad and Tobago,Helsinki
310,Kylynn,Cristi,Kylynn.Cristi@gmail.com,doctor,2020-11-05,Bahamas,Macapá
311,Nananne,Elsinore,Nananne.Elsinore@gmail.com,firefighter,2021-12-04,Comoros,Harare
312,Harrietta,Kermit,Harrietta.Kermit@gmail.com,firefighter,2021-04-04,"Moldova, Republic of",Port Louis
313,Netty,Gillan,Netty.Gillan@gmail.com,firefighter,2021-12-02,Chad,Accra
314,Inga,Buckler,Inga.Buckler@gmail.com,developer,2020-02-12,"Lao People""S Democratic Republic",Charlotte
315,Maridel,Hathaway,Maridel.Hathaway@gmail.com,doctor,2020-03-03,Spain,Roseau
316,Gianina,Demitria,Gianina.Demitria@gmail.com,firefighter,2022-03-29,Eritrea,New Orleans
317,Fayre,Weaks,Fayre.Weaks@gmail.com,developer,2021-07-20,Greenland,Valdivia
318,Albertina,Bibi,Albertina.Bibi@gmail.com,developer,2021-08-25,Saint Kitts and Nevis,Bucharest
319,Corene,Selway,Corene.Selway@gmail.com,firefighter,2021-01-27,Cameroon,Porto Velho
320,Janenna,Boehike,Janenna.Boehike@gmail.com,firefighter,2021-05-02,South Georgia and the South Sandwich Islands,Seville
321,Valeda,Naor,Valeda.Naor@gmail.com,worker,2020-03-17,Martinique,Kunming
322,Vanessa,Noelyn,Vanessa.Noelyn@gmail.com,worker,2021-11-03,Angola,Multan
323,Joy,Ailyn,Joy.Ailyn@gmail.com,firefighter,2021-10-04,Zimbabwe,Tel Aviv
324,Doro,Stefa,Doro.Stefa@gmail.com,doctor,2021-07-30,Antigua and Barbuda,São Paulo
325,Tressa,Hutchison,Tressa.Hutchison@gmail.com,police officer,2020-07-05,Heard Island and Mcdonald Islands,Hamilton
326,Fred,Anis,Fred.Anis@gmail.com,developer,2021-06-12,"Virgin Islands, British",Palikir
327,Charissa,Junie,Charissa.Junie@gmail.com,doctor,2021-08-11,Bolivia,Srinagar
328,Agnese,Truc,Agnese.Truc@gmail.com,doctor,2020-09-17,Pakistan,Kuala Lumpur
329,Sissy,Han,Sissy.Han@gmail.com,developer,2020-06-22,Liechtenstein,Pelotas
330,Ricky,Andrel,Ricky.Andrel@gmail.com,police officer,2021-10-23,Saint Pierre and Miquelon,Labasa
331,Hermione,Revkah,Hermione.Revkah@gmail.com,police officer,2021-06-09,Burundi,Dunedin
332,Mureil,Georgy,Mureil.Georgy@gmail.com,developer,2021-06-01,"Tanzania, United Republic of",Maputo
333,Joceline,Parsaye,Joceline.Parsaye@gmail.com,firefighter,2020-07-17,Chad,Bursa
334,Tobe,Zola,Tobe.Zola@gmail.com,firefighter,2021-05-26,Kenya,St. George's
335,Kial,Tannie,Kial.Tannie@gmail.com,firefighter,2020-10-10,Philippines,Forked River
336,Anallese,Dimitris,Anallese.Dimitris@gmail.com,developer,2021-01-16,Bulgaria,Gaza
337,Kore,Raychel,Kore.Raychel@gmail.com,police officer,2021-08-23,Ireland,Chongjin
338,Neila,Carmena,Neila.Carmena@gmail.com,doctor,2020-08-03,Christmas Island,Iqaluit
339,Jaclyn,Ingra,Jaclyn.Ingra@gmail.com,developer,2022-01-11,Puerto Rico,Thessaloniki
340,Elka,Brieta,Elka.Brieta@gmail.com,police officer,2022-02-03,Martinique,Lucknow
341,Meghann,Gilmour,Meghann.Gilmour@gmail.com,firefighter,2021-02-01,Tonga,Accra
342,Melina,Yerkovich,Melina.Yerkovich@gmail.com,police officer,2020-07-22,Åland Islands,Bursa
343,Blinni,Gunn,Blinni.Gunn@gmail.com,doctor,2020-12-06,Estonia,Ibadan
344,Teriann,Viddah,Teriann.Viddah@gmail.com,worker,2020-05-10,Georgia,Johor Bahru
345,Tina,Madox,Tina.Madox@gmail.com,doctor,2022-03-03,Marshall Islands,Bahía Blanca
346,Mariann,Pascia,Mariann.Pascia@gmail.com,doctor,2020-09-30,Pakistan,Bishkek
347,Louella,Iiette,Louella.Iiette@gmail.com,developer,2022-04-03,Finland,Zamboanga City
348,Atlanta,Catie,Atlanta.Catie@gmail.com,police officer,2021-09-09,Jamaica,Tijuana
349,Ariela,Diogenes,Ariela.Diogenes@gmail.com,police officer,2020-05-10,Kenya,Blantyre
350,Shirlee,Junie,Shirlee.Junie@gmail.com,doctor,2020-04-12,Martinique,Taiyuan
351,Jsandye,Francene,Jsandye.Francene@gmail.com,worker,2021-04-22,Slovakia,Mandurah
352,Phedra,Nedrud,Phedra.Nedrud@gmail.com,worker,2020-04-21,Panama,Port-au-Prince
353,Suzette,Rillings,Suzette.Rillings@gmail.com,doctor,2021-06-01,Bouvet Island,Valletta
354,Eolanda,Kamaria,Eolanda.Kamaria@gmail.com,firefighter,2021-07-20,AndorrA,Iqaluit
355,Calla,Lindemann,Calla.Lindemann@gmail.com,doctor,2022-06-11,Guernsey,Luxembourg (city)
356,Adelle,Tomasina,Adelle.Tomasina@gmail.com,doctor,2021-11-12,Mongolia,Thessaloniki
357,Jolyn,Liva,Jolyn.Liva@gmail.com,developer,2021-06-19,Guyana,Nantes
358,Tori,Redmond,Tori.Redmond@gmail.com,firefighter,2022-03-23,Hungary,Marseille
359,Elyssa,Haldas,Elyssa.Haldas@gmail.com,police officer,2020-03-06,Zimbabwe,Regina
360,Molli,Hazlett,Molli.Hazlett@gmail.com,doctor,2022-05-17,Pitcairn,La Paz
361,Vivia,Morgun,Vivia.Morgun@gmail.com,worker,2020-12-06,Belize,Stuttgart
362,Karly,Juliet,Karly.Juliet@gmail.com,firefighter,2021-02-12,Venezuela,Lviv
363,Phylis,Muriel,Phylis.Muriel@gmail.com,worker,2020-08-16,Botswana,Maceió
364,Adelle,Swanhildas,Adelle.Swanhildas@gmail.com,police officer,2022-04-07,Romania,Baltimore
365,Ada,Tomasina,Ada.Tomasina@gmail.com,developer,2020-12-16,Iceland,Harare
366,Nyssa,Allare,Nyssa.Allare@gmail.com,developer,2020-07-09,Paraguay,Buffalo
367,Mady,Bronk,Mady.Bronk@gmail.com,doctor,2022-05-02,Tonga,Stuttgart
368,Nyssa,Herrera,Nyssa.Herrera@gmail.com,firefighter,2022-05-26,Mexico,Winnipeg
369,Zaria,O'Neill,Zaria.O'Neill@gmail.com,firefighter,2021-11-15,Armenia,Nanning
370,Valera,Carolin,Valera.Carolin@gmail.com,firefighter,2022-06-23,Canada,Quezon City
371,Libbie,Sasnett,Libbie.Sasnett@gmail.com,worker,2022-01-22,Singapore,Melekeok
372,Beatriz,Edee,Beatriz.Edee@gmail.com,developer,2020-01-25,Svalbard and Jan Mayen,Addis Ababa
373,Rosaline,Bebe,Rosaline.Bebe@gmail.com,firefighter,2020-11-05,AndorrA,Nassau
374,Shirlee,Pierette,Shirlee.Pierette@gmail.com,worker,2020-11-26,San Marino,Mamoudzou
375,Minne,Kristi,Minne.Kristi@gmail.com,worker,2020-01-05,Papua New Guinea,Prague
376,Sean,Sperling,Sean.Sperling@gmail.com,police officer,2021-10-23,Togo,Luxor
377,Averyl,Berl,Averyl.Berl@gmail.com,police officer,2021-01-30,Portugal,Taichung
378,Ardys,Cutlerr,Ardys.Cutlerr@gmail.com,developer,2021-03-12,Antarctica,Hargeisa
379,Myrtice,Ethban,Myrtice.Ethban@gmail.com,doctor,2021-01-03,Uzbekistan,Belize City
380,Mureil,Anderea,Mureil.Anderea@gmail.com,doctor,2021-04-14,Botswana,Sofia
381,Cyb,Kolnick,Cyb.Kolnick@gmail.com,police officer,2022-02-11,Uruguay,Baghdad
382,Ulrike,Nore,Ulrike.Nore@gmail.com,doctor,2021-06-01,Burkina Faso,Kaohsiung
383,Lelah,Ietta,Lelah.Ietta@gmail.com,worker,2020-10-29,Botswana,Bangkok
384,Moyna,Kiersten,Moyna.Kiersten@gmail.com,doctor,2020-07-26,Colombia,Phoenix
385,Kellen,Ilka,Kellen.Ilka@gmail.com,doctor,2021-11-04,Sierra Leone,Shigatse
386,Meg,LaRue,Meg.LaRue@gmail.com,developer,2020-05-15,Panama,Wollongong
387,Eugine,Maroney,Eugine.Maroney@gmail.com,developer,2020-10-21,Sudan,Charlottetown
388,Carree,Weaks,Carree.Weaks@gmail.com,police officer,2021-07-31,Switzerland,St. George's
389,Merrie,Sperling,Merrie.Sperling@gmail.com,developer,2020-12-02,Guyana,Bamako
390,Lorenza,Erlandson,Lorenza.Erlandson@gmail.com,worker,2021-04-26,Congo,Balikpapan
391,Raina,Maurine,Raina.Maurine@gmail.com,police officer,2021-11-01,"Korea, Democratic People""S Republic of",Chiang Mai
392,Tina,Hoenack,Tina.Hoenack@gmail.com,worker,2021-07-04,Mauritius,Ankara
393,Ileana,Lay,Ileana.Lay@gmail.com,doctor,2021-06-17,Viet Nam,Chiang Mai
394,Debee,Waite,Debee.Waite@gmail.com,police officer,2021-08-09,Norway,Malacca Town
395,Ana,Haerr,Ana.Haerr@gmail.com,worker,2020-08-30,Lithuania,Rochester
396,Elmira,Seagraves,Elmira.Seagraves@gmail.com,worker,2020-08-26,Namibia,Hargeisa
397,Livvyy,Baylor,Livvyy.Baylor@gmail.com,doctor,2020-03-24,United States,Bishkek
398,Imojean,Quent,Imojean.Quent@gmail.com,developer,2021-11-28,Benin,Chaguanas
399,Blinni,Marsden,Blinni.Marsden@gmail.com,firefighter,2021-04-17,Cook Islands,Ahmedabad
400,Sue,Aurelio,Sue.Aurelio@gmail.com,doctor,2020-04-06,Tokelau,Porto Velho
401,Helena,Lytton,Helena.Lytton@gmail.com,police officer,2022-02-16,French Polynesia,Arbil
402,Beatriz,Tiffa,Beatriz.Tiffa@gmail.com,doctor,2022-03-16,Egypt,Tijuana
403,Ginnie,Hollingsworth,Ginnie.Hollingsworth@gmail.com,police officer,2022-04-14,Zambia,Siem Reap
404,Flo,Kunin,Flo.Kunin@gmail.com,developer,2022-03-09,Zambia,Innsbruck
405,Zaria,Leifeste,Zaria.Leifeste@gmail.com,doctor,2020-01-23,Iceland,Bangui
406,Gilda,Tamsky,Gilda.Tamsky@gmail.com,firefighter,2022-01-26,South Africa,San José
407,Dorice,Fink,Dorice.Fink@gmail.com,firefighter,2020-03-26,Guinea-Bissau,Memphis
408,Betta,Etom,Betta.Etom@gmail.com,police officer,2021-05-19,Guam,Cusco
409,Wynne,Minetta,Wynne.Minetta@gmail.com,doctor,2021-01-06,Macao,Atlanta
410,Oralee,Emmy,Oralee.Emmy@gmail.com,doctor,2020-11-05,Swaziland,Freetown
411,Leia,Seessel,Leia.Seessel@gmail.com,police officer,2020-01-08,American Samoa,Saipan
412,Xylina,Kesley,Xylina.Kesley@gmail.com,police officer,2022-07-04,Malta,Ludhiana
413,Bobinette,Center,Bobinette.Center@gmail.com,firefighter,2021-03-02,French Polynesia,Lilongwe
414,Brana,Carolin,Brana.Carolin@gmail.com,doctor,2021-06-07,"Taiwan, Province of China",Ndola
415,Dacia,Bennie,Dacia.Bennie@gmail.com,worker,2021-06-22,Kazakhstan,Douala
416,Linzy,Dunkin,Linzy.Dunkin@gmail.com,worker,2021-07-05,Montserrat,Castries
417,Lanna,Kravits,Lanna.Kravits@gmail.com,worker,2020-10-24,India,Yellowknife
418,Sashenka,Karna,Sashenka.Karna@gmail.com,police officer,2020-04-30,Tokelau,Quetzaltenango
419,Elmira,Hortensia,Elmira.Hortensia@gmail.com,firefighter,2020-08-07,British Indian Ocean Territory,Port Louis
420,Dominga,Even,Dominga.Even@gmail.com,doctor,2021-12-19,Aruba,Belgrade
421,Tierney,Nahum,Tierney.Nahum@gmail.com,developer,2022-07-07,Eritrea,Baku
422,Carmela,Emmy,Carmela.Emmy@gmail.com,doctor,2021-11-01,Djibouti,Johannesburg
423,Nollie,Arne,Nollie.Arne@gmail.com,doctor,2020-02-15,Armenia,Cali
424,Averyl,Himelman,Averyl.Himelman@gmail.com,doctor,2021-01-23,Gabon,Kandy
425,Jacenta,Haerr,Jacenta.Haerr@gmail.com,worker,2021-07-06,Mali,Pittsburgh
426,Flory,Rubie,Flory.Rubie@gmail.com,police officer,2020-03-14,Venezuela,Durango
427,Rivalee,Hoban,Rivalee.Hoban@gmail.com,worker,2022-04-06,Netherlands,Pune
428,Gerrie,Martsen,Gerrie.Martsen@gmail.com,doctor,2022-02-28,Mauritius,Charlotte Amalie
429,Neila,Zuzana,Neila.Zuzana@gmail.com,police officer,2021-01-01,Philippines,N'Djamena
430,Roberta,Odysseus,Roberta.Odysseus@gmail.com,doctor,2022-02-18,Tokelau,São José dos Campos
431,Sissy,Dawkins,Sissy.Dawkins@gmail.com,worker,2020-08-12,Saint Lucia,Charlotte Amalie
432,Carree,Bigner,Carree.Bigner@gmail.com,worker,2020-05-06,Japan,Riverside
433,Eugine,Anselmi,Eugine.Anselmi@gmail.com,firefighter,2021-05-03,Monaco,Cardiff
434,Marguerite,Sibyls,Marguerite.Sibyls@gmail.com,worker,2021-04-04,Oman,Pekanbaru
435,Georgetta,Sprage,Georgetta.Sprage@gmail.com,worker,2022-04-07,Italy,Hanover
436,Vanessa,Letsou,Vanessa.Letsou@gmail.com,developer,2020-01-20,Guyana,Hargeisa
437,Fanny,Ranjiv,Fanny.Ranjiv@gmail.com,police officer,2020-01-11,"Macedonia, The Former Yugoslav Republic of",Saskatoon
438,Fernande,Latini,Fernande.Latini@gmail.com,police officer,2020-08-24,Afghanistan,Harbin
439,Lacie,Tybald,Lacie.Tybald@gmail.com,worker,2020-10-30,AndorrA,Tampa
440,Candy,Jorgan,Candy.Jorgan@gmail.com,doctor,2022-04-27,Zambia,Belgrade
441,Lexine,Travax,Lexine.Travax@gmail.com,worker,2021-05-09,Slovakia,Gibraltar
442,Jeanna,Timon,Jeanna.Timon@gmail.com,doctor,2021-08-31,Åland Islands,Whitehorse
443,Cherrita,Kussell,Cherrita.Kussell@gmail.com,developer,2021-07-15,"Moldova, Republic of",Wuhan
444,Thalia,Hourigan,Thalia.Hourigan@gmail.com,developer,2020-12-09,Bouvet Island,Bogotá
445,Keelia,Francene,Keelia.Francene@gmail.com,police officer,2022-01-10,Aruba,Rome
446,Wileen,Soneson,Wileen.Soneson@gmail.com,firefighter,2022-04-02,Ukraine,Port-au-Prince
447,Kaia,Ophelia,Kaia.Ophelia@gmail.com,doctor,2020-08-31,Malawi,Nouméa
448,Magdalena,Merna,Magdalena.Merna@gmail.com,doctor,2021-04-18,Bahrain,Anadyr (town)
449,Tobe,Corilla,Tobe.Corilla@gmail.com,firefighter,2021-10-12,Bosnia and Herzegovina,Charlotte Amalie
450,Ingrid,Kellby,Ingrid.Kellby@gmail.com,doctor,2021-07-04,Bermuda,Cockburn Town
451,Jinny,Pascia,Jinny.Pascia@gmail.com,firefighter,2020-08-07,Dominica,Yakutsk
452,Shandie,Gherardo,Shandie.Gherardo@gmail.com,worker,2021-10-06,Åland Islands,Porto
453,Ileana,Oscar,Ileana.Oscar@gmail.com,firefighter,2020-02-17,"Macedonia, The Former Yugoslav Republic of",Ankara
454,Laurene,Paton,Laurene.Paton@gmail.com,developer,2020-04-27,Western Sahara,Hagåtña
455,Clarice,Peg,Clarice.Peg@gmail.com,worker,2020-12-11,Madagascar,Fort-de-France
456,Sybille,Westphal,Sybille.Westphal@gmail.com,developer,2021-06-16,San Marino,Espoo
457,Amii,Clywd,Amii.Clywd@gmail.com,worker,2020-03-23,Mexico,Nukus
458,Letizia,Eckblad,Letizia.Eckblad@gmail.com,police officer,2022-04-29,AndorrA,Brasília
459,Fawne,Jess,Fawne.Jess@gmail.com,police officer,2021-01-11,Martinique,Colombo
460,Viki,Olympium,Viki.Olympium@gmail.com,worker,2020-10-01,Tokelau,Istanbul
461,Trixi,Isacco,Trixi.Isacco@gmail.com,police officer,2020-06-01,New Zealand,Virginia Beach
462,Gale,Torray,Gale.Torray@gmail.com,doctor,2020-09-17,Brazil,Budapest
463,Belva,Alice,Belva.Alice@gmail.com,police officer,2020-09-22,Czech Republic,Brisbane
464,Stephanie,Boehike,Stephanie.Boehike@gmail.com,police officer,2022-04-24,Sri Lanka,Philadelphia
465,Tierney,Greyson,Tierney.Greyson@gmail.com,worker,2021-01-21,Guinea-Bissau,Niamey
466,Andree,McClimans,Andree.McClimans@gmail.com,police officer,2021-08-22,Mauritius,Dakar
467,Jennica,McNully,Jennica.McNully@gmail.com,worker,2020-02-09,Finland,Moscow
468,Lorne,Papageno,Lorne.Papageno@gmail.com,doctor,2021-05-02,Macao,Cologne
469,Sharai,Sheng,Sharai.Sheng@gmail.com,worker,2020-10-14,Jersey,Vientiane
470,Heddie,Georas,Heddie.Georas@gmail.com,developer,2021-03-06,Marshall Islands,Mérida
471,Rosene,Fitzsimmons,Rosene.Fitzsimmons@gmail.com,firefighter,2021-03-05,Bulgaria,Porto Alegre
472,Ebonee,Garlinda,Ebonee.Garlinda@gmail.com,worker,2021-07-28,Brunei Darussalam,Majuro
473,Johna,Michella,Johna.Michella@gmail.com,worker,2020-12-04,Burundi,Djibouti (city)
474,Ayn,Bonilla,Ayn.Bonilla@gmail.com,police officer,2021-06-28,Peru,Lisbon
475,Gerrie,Israeli,Gerrie.Israeli@gmail.com,doctor,2021-12-04,Serbia and Montenegro,Luxor
476,Angelique,Madaih,Angelique.Madaih@gmail.com,police officer,2022-02-26,Cuba,Harare
477,Genevra,Belanger,Genevra.Belanger@gmail.com,police officer,2020-08-28,Suriname,Luxor
478,Lauryn,Flyn,Lauryn.Flyn@gmail.com,firefighter,2020-11-23,Kazakhstan,Ibiza
479,Mellicent,Tyson,Mellicent.Tyson@gmail.com,firefighter,2022-07-11,Libyan Arab Jamahiriya,Portland
480,Sashenka,Argus,Sashenka.Argus@gmail.com,developer,2022-06-26,Sweden,Houston
481,Felice,Merell,Felice.Merell@gmail.com,developer,2020-05-07,Netherlands,Tel Aviv
482,Sindee,Carlson,Sindee.Carlson@gmail.com,police officer,2020-12-30,Austria,Colombo
483,Rosanne,Vins,Rosanne.Vins@gmail.com,police officer,2020-12-17,Belgium,Kansas City
484,Eugine,Creamer,Eugine.Creamer@gmail.com,developer,2022-04-19,Burundi,Makassar
485,Jany,Florina,Jany.Florina@gmail.com,doctor,2020-05-06,Belgium,Saint-Denis
486,Gerrie,Minetta,Gerrie.Minetta@gmail.com,police officer,2021-10-19,Eritrea,Jinan
487,Peri,Xerxes,Peri.Xerxes@gmail.com,firefighter,2020-03-08,Pitcairn,Gaziantep
488,Sabina,Frendel,Sabina.Frendel@gmail.com,police officer,2021-10-21,Isle of Man,Mamoudzou
489,Kaja,Idelia,Kaja.Idelia@gmail.com,doctor,2020-08-02,Austria,Helsinki
490,Annice,Jillane,Annice.Jillane@gmail.com,police officer,2020-06-04,Morocco,Charlotte Amalie
491,Donnie,Shaddock,Donnie.Shaddock@gmail.com,firefighter,2021-11-16,Bahrain,Sydney
492,Gianina,Glenden,Gianina.Glenden@gmail.com,developer,2020-08-08,Chad,Perm
493,Loree,Bryna,Loree.Bryna@gmail.com,developer,2021-11-16,Ghana,Nagpur
494,Lilith,Tristram,Lilith.Tristram@gmail.com,doctor,2022-02-25,Cocos (Keeling) Islands,Warsaw
495,Candi,Slifka,Candi.Slifka@gmail.com,developer,2021-04-27,Marshall Islands,Minsk
496,Rubie,Reinke,Rubie.Reinke@gmail.com,developer,2021-01-01,Central African Republic,Melbourne
497,Starla,Larochelle,Starla.Larochelle@gmail.com,worker,2020-09-07,Barbados,Banjul
498,Kerrin,Means,Kerrin.Means@gmail.com,doctor,2021-09-06,Greece,Douglas
499,Wileen,Frodi,Wileen.Frodi@gmail.com,worker,2022-01-03,Malta,Marseille
500,Kassey,Pearse,Kassey.Pearse@gmail.com,doctor,2021-08-21,Guernsey,Honiara
501,Courtnay,Loleta,Courtnay.Loleta@gmail.com,doctor,2021-11-07,Faroe Islands,Naples
502,Melisent,Azeria,Melisent.Azeria@gmail.com,firefighter,2020-08-15,United Arab Emirates,Palma
503,Ardenia,Blase,Ardenia.Blase@gmail.com,doctor,2020-08-18,"Macedonia, The Former Yugoslav Republic of",Omdurman
504,Barbara,Wallis,Barbara.Wallis@gmail.com,worker,2020-06-10,Cuba,Birmingham
505,Nollie,Lalitta,Nollie.Lalitta@gmail.com,firefighter,2021-10-02,Chad,Cebu City
506,Sidoney,Holbrook,Sidoney.Holbrook@gmail.com,worker,2020-09-23,Dominica,Monaco
507,Kathi,Ehrman,Kathi.Ehrman@gmail.com,worker,2021-07-06,Indonesia,Paramaribo
508,Sara-Ann,Bennie,Sara-Ann.Bennie@gmail.com,developer,2021-11-01,Mauritius,São José dos Campos
509,Marline,Greenwald,Marline.Greenwald@gmail.com,developer,2021-11-10,French Guiana,Panama City
510,Danny,Malina,Danny.Malina@gmail.com,police officer,2020-11-10,Hong Kong,Kandahar
511,Theodora,Voletta,Theodora.Voletta@gmail.com,police officer,2021-12-13,Kenya,New Orleans
512,Leanna,Rebecka,Leanna.Rebecka@gmail.com,worker,2022-01-16,Liechtenstein,Ürümqi
513,Tonia,Donoghue,Tonia.Donoghue@gmail.com,firefighter,2021-08-26,Bolivia,Cartagena
514,Kathi,Colp,Kathi.Colp@gmail.com,worker,2020-11-22,Kiribati,Changchun
515,Katharina,Ulphia,Katharina.Ulphia@gmail.com,worker,2022-01-18,Philippines,Khartoum
516,Lorne,Blase,Lorne.Blase@gmail.com,police officer,2022-07-18,Angola,Ilhéus
517,Lizzie,Jacqui,Lizzie.Jacqui@gmail.com,police officer,2022-02-26,Jordan,Valletta
518,Leanna,Saint,Leanna.Saint@gmail.com,developer,2020-03-23,Gabon,New Orleans
519,Dania,Gilmour,Dania.Gilmour@gmail.com,doctor,2020-05-05,Wallis and Futuna,Townsville
520,Joane,Wattenberg,Joane.Wattenberg@gmail.com,developer,2021-01-11,Niue,Hobart
521,Zaria,Callista,Zaria.Callista@gmail.com,worker,2022-03-31,Lesotho,Cali
522,Kimmy,Ade,Kimmy.Ade@gmail.com,doctor,2020-06-30,Saudi Arabia,Ankara
523,Gilda,Claudine,Gilda.Claudine@gmail.com,developer,2021-03-04,Northern Mariana Islands,Enugu
524,Joelly,Publia,Joelly.Publia@gmail.com,police officer,2022-07-27,Puerto Rico,Chihuahua
525,Mariele,Remmer,Mariele.Remmer@gmail.com,worker,2020-11-30,"Korea, Republic of",Magadan
526,Stephanie,Larochelle,Stephanie.Larochelle@gmail.com,police officer,2020-02-11,Bhutan,Santiago de Cuba
527,Ashlee,Bahr,Ashlee.Bahr@gmail.com,police officer,2020-09-02,Palau,Milan
528,Clary,Nunci,Clary.Nunci@gmail.com,police officer,2022-03-05,Puerto Rico,Nagpur
529,Joelly,Fancie,Joelly.Fancie@gmail.com,doctor,2022-02-14,"Virgin Islands, British",Bursa
530,Elena,Durante,Elena.Durante@gmail.com,police officer,2020-11-29,San Marino,Libreville
531,Brianna,Kirstin,Brianna.Kirstin@gmail.com,firefighter,2022-07-25,Malta,Luxor
532,Maridel,Drus,Maridel.Drus@gmail.com,firefighter,2020-01-16,Guatemala,İzmir
533,Kimmy,Kamaria,Kimmy.Kamaria@gmail.com,worker,2021-03-22,Tajikistan,Yokohama
534,Ernesta,Taima,Ernesta.Taima@gmail.com,worker,2020-02-02,Saint Lucia,Novosibirsk
535,Gui,Germann,Gui.Germann@gmail.com,developer,2021-05-14,Qatar,Valparaíso
536,Vinita,Wenda,Vinita.Wenda@gmail.com,firefighter,2022-04-22,United Arab Emirates,Djibouti (city)
537,Mamie,Angelis,Mamie.Angelis@gmail.com,police officer,2021-10-21,Estonia,Salzburg
538,Celene,Payson,Celene.Payson@gmail.com,police officer,2021-08-30,United Arab Emirates,New Delhi
539,Mamie,Georas,Mamie.Georas@gmail.com,firefighter,2022-02-27,Tuvalu,Nantes
540,Dione,Alexandr,Dione.Alexandr@gmail.com,doctor,2021-02-12,"Macedonia, The Former Yugoslav Republic of",Valparaíso
541,Fred,Blisse,Fred.Blisse@gmail.com,doctor,2021-03-10,French Polynesia,Bratislava
542,Konstance,Carbo,Konstance.Carbo@gmail.com,doctor,2021-01-01,Botswana,Reykjavík
543,Demetris,Chapland,Demetris.Chapland@gmail.com,worker,2021-06-26,Lebanon,Mexicali
544,Annecorinne,Rudolph,Annecorinne.Rudolph@gmail.com,worker,2020-10-05,Jersey,City of Halifax
545,Merrie,Viddah,Merrie.Viddah@gmail.com,firefighter,2020-04-28,Cook Islands,Recife
546,Jacenta,Colp,Jacenta.Colp@gmail.com,police officer,2021-10-13,Panama,Cuiabá
547,Helsa,Monk,Helsa.Monk@gmail.com,worker,2020-07-08,Bouvet Island,Pune
548,Lily,Iphlgenia,Lily.Iphlgenia@gmail.com,developer,2020-01-10,Albania,Bilbao
549,Gretal,Tjon,Gretal.Tjon@gmail.com,doctor,2021-07-26,Croatia,Cardiff
550,Gloria,Fulmer,Gloria.Fulmer@gmail.com,police officer,2021-02-03,Georgia,Regina
551,Zondra,Rad,Zondra.Rad@gmail.com,worker,2021-10-22,Kyrgyzstan,Riyadh
552,Alex,Smitt,Alex.Smitt@gmail.com,developer,2021-11-04,"Tanzania, United Republic of",Malé
553,Zia,Munn,Zia.Munn@gmail.com,firefighter,2021-10-24,AndorrA,San Francisco
554,Tina,Leler,Tina.Leler@gmail.com,firefighter,2021-11-04,United Arab Emirates,Yogyakarta (city)
555,Rosaline,Colyer,Rosaline.Colyer@gmail.com,developer,2022-06-07,Samoa,Monrovia
556,Halette,Giff,Halette.Giff@gmail.com,firefighter,2020-04-04,New Caledonia,Damascus
557,Konstance,Nahum,Konstance.Nahum@gmail.com,police officer,2020-11-30,Cambodia,Raleigh
558,Jaclyn,Kinnard,Jaclyn.Kinnard@gmail.com,police officer,2020-12-10,Pitcairn,Algiers
559,Belva,Saint,Belva.Saint@gmail.com,doctor,2021-01-11,Jordan,Cali
560,Rhea,Croix,Rhea.Croix@gmail.com,police officer,2021-02-26,Italy,St. John's
561,Kelly,Belldas,Kelly.Belldas@gmail.com,developer,2021-03-26,Mayotte,Port Hedland
562,Almeta,Hepsibah,Almeta.Hepsibah@gmail.com,worker,2022-02-25,Holy See (Vatican City State),Ulan Bator
563,Blondelle,Tengdin,Blondelle.Tengdin@gmail.com,developer,2021-04-04,Svalbard and Jan Mayen,Hyderabad
564,Alyda,Merell,Alyda.Merell@gmail.com,doctor,2020-07-30,Kiribati,Medellín
565,Ariela,Edee,Ariela.Edee@gmail.com,police officer,2021-09-05,Nigeria,Gold Coast
566,Yolane,Dearborn,Yolane.Dearborn@gmail.com,developer,2020-02-03,Swaziland,Iloilo City
567,Tami,Chobot,Tami.Chobot@gmail.com,police officer,2021-09-22,Tuvalu,Antofagasta
568,Dede,Reinke,Dede.Reinke@gmail.com,developer,2020-09-08,Chile,Jersey City
569,Roberta,Nerita,Roberta.Nerita@gmail.com,developer,2022-05-30,Germany,Colombo
570,Rosabelle,Urias,Rosabelle.Urias@gmail.com,police officer,2021-10-20,Turks and Caicos Islands,Kuching
571,Yolane,Hewitt,Yolane.Hewitt@gmail.com,worker,2022-01-24,Philippines,Amman
572,Valli,Damarra,Valli.Damarra@gmail.com,developer,2022-03-29,Timor-Leste,Port Vila
573,Belva,Loring,Belva.Loring@gmail.com,police officer,2022-04-23,New Zealand,Kawasaki
574,Tiffie,Greenwald,Tiffie.Greenwald@gmail.com,doctor,2021-12-16,Benin,Curitiba
575,Ruthe,Fosque,Ruthe.Fosque@gmail.com,doctor,2022-02-19,Swaziland,San Antonio
576,Raina,Zachary,Raina.Zachary@gmail.com,doctor,2020-12-14,Ukraine,Chiang Mai
577,Fina,Bebe,Fina.Bebe@gmail.com,worker,2022-01-16,Central African Republic,Paramaribo
578,Fernande,Publia,Fernande.Publia@gmail.com,worker,2021-03-26,Czech Republic,Austin
579,Ezmeralda,Goode,Ezmeralda.Goode@gmail.com,developer,2021-04-16,Jamaica,Brussels
580,Elsie,Bahr,Elsie.Bahr@gmail.com,firefighter,2020-07-10,"Virgin Islands, U.S.",Warsaw
581,Farrah,Juan,Farrah.Juan@gmail.com,police officer,2021-03-12,Paraguay,Tirana
582,Steffane,Therine,Steffane.Therine@gmail.com,police officer,2022-06-18,"Moldova, Republic of",Santa Cruz de Tenerife
583,Atlanta,Rolf,Atlanta.Rolf@gmail.com,developer,2021-11-12,Macao,Dakar
584,Emilia,Malvino,Emilia.Malvino@gmail.com,worker,2021-03-20,Switzerland,Kota Bharu
585,Selia,Morrill,Selia.Morrill@gmail.com,police officer,2020-10-06,Fiji,Hanoi
586,Danny,Clywd,Danny.Clywd@gmail.com,worker,2021-12-04,Indonesia,Manila
587,Annecorinne,Horan,Annecorinne.Horan@gmail.com,firefighter,2020-12-09,Niger,Belize City
588,Wendi,Dimitris,Wendi.Dimitris@gmail.com,police officer,2020-11-08,Albania,Freetown
589,Aryn,Vernier,Aryn.Vernier@gmail.com,worker,2022-06-02,India,Antofagasta
590,Helena,Malanie,Helena.Malanie@gmail.com,developer,2020-01-15,Bahrain,Tallinn
591,Hallie,Oneida,Hallie.Oneida@gmail.com,doctor,2022-03-11,Nigeria,Hamburg
592,Paola,Fitzsimmons,Paola.Fitzsimmons@gmail.com,doctor,2021-08-08,Cook Islands,Taichung
593,Lanae,Alwin,Lanae.Alwin@gmail.com,firefighter,2020-05-26,Eritrea,Bloemfontein
594,Cherilyn,Jefferey,Cherilyn.Jefferey@gmail.com,worker,2020-04-14,Morocco,Hai Phong
595,Alia,Gunn,Alia.Gunn@gmail.com,doctor,2022-01-23,Myanmar,Nouakchott
596,Tamqrah,Rocray,Tamqrah.Rocray@gmail.com,developer,2021-11-03,Austria,Brussels
597,Gertrud,Stuart,Gertrud.Stuart@gmail.com,worker,2021-08-17,Macao,Cotonou
598,Addia,Tamsky,Addia.Tamsky@gmail.com,police officer,2022-05-22,Cape Verde,Antwerp
599,Sharai,Ajay,Sharai.Ajay@gmail.com,worker,2020-09-02,Mozambique,Vitória
600,Goldie,Dorcy,Goldie.Dorcy@gmail.com,developer,2020-01-22,Syrian Arab Republic,Nouméa
601,Rivalee,Garbe,Rivalee.Garbe@gmail.com,developer,2021-11-20,Jordan,Lusaka
602,Dorice,Lindemann,Dorice.Lindemann@gmail.com,doctor,2020-09-17,Uganda,Bissau
603,Daphne,Creamer,Daphne.Creamer@gmail.com,developer,2021-06-19,Colombia,Valletta
604,Xylina,Valoniah,Xylina.Valoniah@gmail.com,police officer,2021-06-24,Montserrat,Kathmandu
605,Danny,Daveta,Danny.Daveta@gmail.com,doctor,2021-12-03,Congo,Bridgetown
606,Daune,Wu,Daune.Wu@gmail.com,developer,2020-12-30,Saint Lucia,Louisville
607,Fred,Allina,Fred.Allina@gmail.com,firefighter,2020-03-11,Ecuador,Siem Reap
608,Florie,Gualtiero,Florie.Gualtiero@gmail.com,developer,2020-07-09,Bosnia and Herzegovina,Dallas
609,Marinna,Willie,Marinna.Willie@gmail.com,firefighter,2021-05-13,Monaco,Ho Chi Minh City
610,Frank,McNully,Frank.McNully@gmail.com,firefighter,2021-01-10,British Indian Ocean Territory,Vladivostok
611,Vere,Knowling,Vere.Knowling@gmail.com,doctor,2021-11-19,Argentina,Castries
612,Brana,Tyson,Brana.Tyson@gmail.com,doctor,2021-03-19,Tonga,Basra
613,Joeann,Lamoree,Joeann.Lamoree@gmail.com,police officer,2022-06-02,Cyprus,Istanbul
614,Valli,Afton,Valli.Afton@gmail.com,developer,2021-04-05,Turkmenistan,Quebec City
615,Jackie,Alejoa,Jackie.Alejoa@gmail.com,doctor,2022-01-10,Pitcairn,Berlin
616,Ninnetta,Peonir,Ninnetta.Peonir@gmail.com,firefighter,2020-01-19,"Cote D""Ivoire",Ushuaia
617,Vinita,Fosque,Vinita.Fosque@gmail.com,police officer,2020-06-08,Samoa,Adana
618,Joane,Nunci,Joane.Nunci@gmail.com,police officer,2021-09-14,Mozambique,Dammam
619,Britte,Bethany,Britte.Bethany@gmail.com,police officer,2021-12-10,Norfolk Island,Belmopan
620,Taffy,Teryn,Taffy.Teryn@gmail.com,developer,2020-07-30,Uzbekistan,Ankara
621,Ivett,Holbrook,Ivett.Holbrook@gmail.com,worker,2022-07-29,Nicaragua,Hilo
622,Leeanne,Monk,Leeanne.Monk@gmail.com,doctor,2020-09-29,Tunisia,Gangtok
623,Amalie,Mott,Amalie.Mott@gmail.com,firefighter,2022-02-10,Kiribati,Marseille
624,Linet,Giff,Linet.Giff@gmail.com,developer,2021-11-26,Cyprus,Yekaterinburg
625,Codie,Ranjiv,Codie.Ranjiv@gmail.com,worker,2020-06-30,Montserrat,Assis
626,Theodora,Carey,Theodora.Carey@gmail.com,doctor,2020-08-08,Namibia,Srinagar
627,Wilma,Stacy,Wilma.Stacy@gmail.com,doctor,2022-04-24,Mexico,Sukhumi
628,Hyacinthe,Lymann,Hyacinthe.Lymann@gmail.com,firefighter,2021-08-24,Botswana,Podgorica
629,Nadine,Nea,Nadine.Nea@gmail.com,doctor,2020-01-27,Malawi,San Antonio
630,Goldie,O'Neill,Goldie.O'Neill@gmail.com,doctor,2020-10-05,Saint Kitts and Nevis,Madrid
631,Hollie,Stilwell,Hollie.Stilwell@gmail.com,police officer,2022-07-17,Lithuania,Konya
632,Ayn,Romelda,Ayn.Romelda@gmail.com,developer,2020-10-05,Azerbaijan,Zamboanga City
633,Elora,Carmena,Elora.Carmena@gmail.com,police officer,2021-11-16,Costa Rica,Surat
634,Marline,Ferrell,Marline.Ferrell@gmail.com,firefighter,2021-11-03,Turkey,Porto-Novo
635,Magdalena,Chick,Magdalena.Chick@gmail.com,developer,2020-04-07,Lebanon,Port-au-Prince
636,Elise,Cherianne,Elise.Cherianne@gmail.com,police officer,2021-03-07,Montserrat,Sofia
637,Roslyn,Kalinda,Roslyn.Kalinda@gmail.com,police officer,2022-03-23,Isle of Man,Espoo
638,Gwyneth,Amethist,Gwyneth.Amethist@gmail.com,doctor,2021-06-15,Austria,London
639,Jenda,Ingra,Jenda.Ingra@gmail.com,doctor,2022-03-07,Switzerland,Podgorica
640,Jasmina,Destinee,Jasmina.Destinee@gmail.com,doctor,2022-01-02,Guinea,Tianjin
641,Rosabelle,Dom,Rosabelle.Dom@gmail.com,worker,2021-09-07,Australia,Norilsk
642,Mary,Egbert,Mary.Egbert@gmail.com,firefighter,2022-06-04,Estonia,Harbin
643,Gabi,Carri,Gabi.Carri@gmail.com,developer,2020-07-26,Falkland Islands (Malvinas),Cincinnati
644,Collen,Gombach,Collen.Gombach@gmail.com,developer,2020-02-18,"Micronesia, Federated States of",Semarang
645,Kary,Hilbert,Kary.Hilbert@gmail.com,developer,2022-02-14,Åland Islands,Tunis
646,Oralee,Carolin,Oralee.Carolin@gmail.com,firefighter,2020-12-13,France,Longyearbyen
647,Jerry,Merell,Jerry.Merell@gmail.com,worker,2022-07-13,Czech Republic,Kunming
648,Kalina,Dom,Kalina.Dom@gmail.com,worker,2020-03-03,Paraguay,Fredericton
649,Susan,Aaberg,Susan.Aaberg@gmail.com,worker,2021-06-17,Argentina,Charlotte Amalie
650,Ilse,Tatianas,Ilse.Tatianas@gmail.com,doctor,2020-08-13,Chad,Sucre
651,Mureil,Faso,Mureil.Faso@gmail.com,police officer,2020-02-09,Sweden,Ankara
652,Shaine,Vittoria,Shaine.Vittoria@gmail.com,firefighter,2022-03-08,Turkey,Yakutsk
653,Dale,Fennessy,Dale.Fennessy@gmail.com,police officer,2021-11-26,Burkina Faso,Multan
654,Ayn,Rooney,Ayn.Rooney@gmail.com,police officer,2022-04-08,India,Mecca
655,Jany,Corabella,Jany.Corabella@gmail.com,police officer,2022-02-23,Kuwait,Tripoli
656,Jaclyn,Merell,Jaclyn.Merell@gmail.com,worker,2021-09-28,Sudan,Ottawa
657,Tabbatha,Klotz,Tabbatha.Klotz@gmail.com,police officer,2020-02-06,Lesotho,Djibouti (city)
658,Merle,Kellby,Merle.Kellby@gmail.com,police officer,2022-05-22,Dominican Republic,Hamburg
659,Lanae,Leffen,Lanae.Leffen@gmail.com,developer,2021-07-20,Luxembourg,Puerto Williams
660,Estell,Drisko,Estell.Drisko@gmail.com,doctor,2021-10-17,Antarctica,Paramaribo
661,Shannah,Publia,Shannah.Publia@gmail.com,worker,2020-07-04,Gambia,Multan
662,Belva,Dituri,Belva.Dituri@gmail.com,firefighter,2022-06-01,Vanuatu,Washington
663,Priscilla,Miru,Priscilla.Miru@gmail.com,developer,2021-11-19,Guyana,Tucson
664,Lynde,Ochs,Lynde.Ochs@gmail.com,firefighter,2021-07-02,Heard Island and Mcdonald Islands,İzmir
665,Mady,Klotz,Mady.Klotz@gmail.com,police officer,2020-11-24,Uganda,Mersin
666,Juliane,Havens,Juliane.Havens@gmail.com,police officer,2020-03-05,Tuvalu,Saskatoon
667,Queenie,Elsinore,Queenie.Elsinore@gmail.com,worker,2020-10-20,Madagascar,Hiroshima
668,Blake,Allina,Blake.Allina@gmail.com,worker,2020-01-18,"Palestinian Territory, Occupied",Lobamba
669,Mathilda,Quent,Mathilda.Quent@gmail.com,doctor,2021-11-24,French Southern Territories,Nanning
670,Concettina,Connelly,Concettina.Connelly@gmail.com,firefighter,2020-09-28,Estonia,Prague
671,Adriana,Leary,Adriana.Leary@gmail.com,worker,2021-04-24,Guernsey,Dublin
672,Ashlee,Roarke,Ashlee.Roarke@gmail.com,developer,2022-01-24,Peru,Quito
673,Zia,Elo,Zia.Elo@gmail.com,firefighter,2022-05-24,Afghanistan,Panama City
674,Theodora,Iphlgenia,Theodora.Iphlgenia@gmail.com,doctor,2021-03-07,Anguilla,Gdańsk
675,Hyacinthe,Bertold,Hyacinthe.Bertold@gmail.com,developer,2020-12-11,Nauru,Samara
676,Mignon,Woodberry,Mignon.Woodberry@gmail.com,doctor,2020-08-01,"Micronesia, Federated States of",Cockburn Town
677,Cherrita,Luhe,Cherrita.Luhe@gmail.com,worker,2021-03-24,AndorrA,Yamoussoukro
678,Evita,Regan,Evita.Regan@gmail.com,doctor,2021-06-17,Mayotte,Kaesong
679,Gusty,Jess,Gusty.Jess@gmail.com,police officer,2021-10-10,Bulgaria,Johannesburg
680,Ekaterina,Philipp,Ekaterina.Philipp@gmail.com,worker,2021-09-22,Pakistan,Nashville
681,Teriann,Olympium,Teriann.Olympium@gmail.com,worker,2022-01-28,Gabon,Birmingham
682,Joceline,Elbertina,Joceline.Elbertina@gmail.com,doctor,2020-08-09,Liberia,Patna
683,Meriel,Skell,Meriel.Skell@gmail.com,firefighter,2021-09-01,British Indian Ocean Territory,Sana'a
684,Roseline,Mathilde,Roseline.Mathilde@gmail.com,worker,2021-12-03,Gibraltar,Roseau
685,Ninnetta,Even,Ninnetta.Even@gmail.com,worker,2021-05-31,Swaziland,Honiara
686,Hayley,Nedrud,Hayley.Nedrud@gmail.com,developer,2021-08-28,Qatar,Palma
687,Lilith,Darrell,Lilith.Darrell@gmail.com,worker,2020-06-02,Åland Islands,Sukhumi
688,Cassandra,Leonard,Cassandra.Leonard@gmail.com,developer,2021-12-11,Hungary,Anchorage
689,Justinn,Cristi,Justinn.Cristi@gmail.com,developer,2021-07-30,Bolivia,Curitiba
690,Rani,Killigrew,Rani.Killigrew@gmail.com,worker,2021-11-23,Faroe Islands,Handan
691,Kore,Tiffa,Kore.Tiffa@gmail.com,developer,2020-10-11,Samoa,Harbin
692,Nataline,Valoniah,Nataline.Valoniah@gmail.com,police officer,2021-07-18,Japan,Port Hedland
693,Meg,Dex,Meg.Dex@gmail.com,police officer,2022-04-11,Samoa,Tunis
694,Dede,Bigner,Dede.Bigner@gmail.com,developer,2020-02-08,United States,Kyoto
695,Deane,Lamoree,Deane.Lamoree@gmail.com,developer,2021-10-13,Jersey,Amsterdam
696,Jessamyn,Hartnett,Jessamyn.Hartnett@gmail.com,worker,2021-06-27,Myanmar,Lima
697,Dianemarie,Pascia,Dianemarie.Pascia@gmail.com,doctor,2021-11-05,Montserrat,Gdańsk
698,Cordi,Autrey,Cordi.Autrey@gmail.com,police officer,2021-03-04,Central African Republic,Cork (city)
699,Celene,Cherianne,Celene.Cherianne@gmail.com,firefighter,2021-10-19,Viet Nam,Bucharest
700,Tersina,Breed,Tersina.Breed@gmail.com,worker,2022-02-04,Switzerland,Curitiba
701,Doralynne,Fairweather,Doralynne.Fairweather@gmail.com,developer,2021-08-19,Peru,Jacksonville
702,Monika,Eachern,Monika.Eachern@gmail.com,worker,2020-11-29,Guyana,Paris
703,Alameda,Jorgan,Alameda.Jorgan@gmail.com,developer,2020-10-08,Costa Rica,Mexico City
704,Jessy,Kenwood,Jessy.Kenwood@gmail.com,developer,2021-11-09,Jordan,Amsterdam
705,Hyacinthe,Sprage,Hyacinthe.Sprage@gmail.com,police officer,2022-07-20,Saint Lucia,Basse-Terre
706,Harrietta,Braun,Harrietta.Braun@gmail.com,developer,2021-10-14,Cayman Islands,Lyon
707,Daune,Tybald,Daune.Tybald@gmail.com,firefighter,2022-07-01,Wallis and Futuna,Road Town
708,Gilligan,Granoff,Gilligan.Granoff@gmail.com,developer,2020-12-14,French Guiana,Ankara
709,Eolanda,Johnsson,Eolanda.Johnsson@gmail.com,police officer,2021-02-20,Timor-Leste,Beirut
710,Dorice,Schlosser,Dorice.Schlosser@gmail.com,worker,2022-04-27,China,Ankara
711,Belva,Fiann,Belva.Fiann@gmail.com,firefighter,2021-08-13,Vanuatu,Dibrugarh
712,Corry,Hachmin,Corry.Hachmin@gmail.com,police officer,2022-05-07,Madagascar,Omdurman
713,Lorie,Kamaria,Lorie.Kamaria@gmail.com,developer,2020-04-28,Antigua and Barbuda,Lima
714,Kenna,Posner,Kenna.Posner@gmail.com,doctor,2021-12-17,"Virgin Islands, British",Memphis
715,Rochette,Helfand,Rochette.Helfand@gmail.com,police officer,2021-07-19,Madagascar,Doha
716,Dyann,Jacobah,Dyann.Jacobah@gmail.com,firefighter,2021-02-22,Lesotho,Amman
717,Shandie,Maurine,Shandie.Maurine@gmail.com,worker,2022-07-22,Lithuania,Virginia Beach
718,Aaren,Gordon,Aaren.Gordon@gmail.com,firefighter,2020-08-17,Ghana,Horta (Azores)
719,Liana,Lanita,Liana.Lanita@gmail.com,police officer,2020-12-20,Norfolk Island,Oranjestad
720,Ileana,Ade,Ileana.Ade@gmail.com,police officer,2020-01-27,Guyana,Düsseldorf
721,Gwyneth,Bollay,Gwyneth.Bollay@gmail.com,doctor,2022-02-09,"Cote D""Ivoire",Skopje
722,Beatriz,Quinn,Beatriz.Quinn@gmail.com,doctor,2021-08-02,Turkey,Douglas
723,Blinni,Fink,Blinni.Fink@gmail.com,police officer,2020-09-02,Congo,Houston
724,Ellette,Vivle,Ellette.Vivle@gmail.com,worker,2021-07-06,United States Minor Outlying Islands,Anadyr (town)
725,Cissiee,Dudley,Cissiee.Dudley@gmail.com,worker,2020-10-14,Isle of Man,Leipzig
726,Halette,Modie,Halette.Modie@gmail.com,firefighter,2022-06-20,Guinea,Mashhad
727,Janey,Seessel,Janey.Seessel@gmail.com,police officer,2020-08-16,Svalbard and Jan Mayen,Tijuana
728,Nita,Celestine,Nita.Celestine@gmail.com,doctor,2021-11-05,Ecuador,Monterrey
729,Lulita,Rese,Lulita.Rese@gmail.com,firefighter,2020-08-22,Comoros,Santiago de Cuba
730,Anthia,Burnside,Anthia.Burnside@gmail.com,firefighter,2022-03-13,Kyrgyzstan,Arbil
731,Minne,Fitzsimmons,Minne.Fitzsimmons@gmail.com,worker,2020-06-07,Estonia,Freetown
732,Brynna,Stover,Brynna.Stover@gmail.com,firefighter,2021-03-02,Myanmar,Assis
733,Arlina,Letsou,Arlina.Letsou@gmail.com,police officer,2022-06-15,United States Minor Outlying Islands,Novosibirsk
734,Kathy,Tryck,Kathy.Tryck@gmail.com,firefighter,2021-07-26,Monaco,Cardiff
735,Eadie,Natalia,Eadie.Natalia@gmail.com,police officer,2020-02-18,Argentina,San José
736,Gertrud,Bohlin,Gertrud.Bohlin@gmail.com,developer,2020-07-07,Colombia,Pago Pago
737,Annaliese,Sawtelle,Annaliese.Sawtelle@gmail.com,firefighter,2020-05-04,Togo,Asmara
738,Brana,Anis,Brana.Anis@gmail.com,firefighter,2021-08-03,Fiji,Johor Bahru
739,Gaylene,Friede,Gaylene.Friede@gmail.com,firefighter,2020-12-20,Hong Kong,George Town
740,Emmey,Francyne,Emmey.Francyne@gmail.com,worker,2021-04-25,Zimbabwe,Kano
741,Adele,Arquit,Adele.Arquit@gmail.com,firefighter,2020-10-22,Iraq,Athens
742,Pamella,Bergman,Pamella.Bergman@gmail.com,worker,2021-09-29,Venezuela,Mumbai
743,Jerry,Birdella,Jerry.Birdella@gmail.com,doctor,2022-02-09,Thailand,Manila
744,Noelle,Bonilla,Noelle.Bonilla@gmail.com,doctor,2021-12-28,Italy,Columbus
745,Nollie,Ingra,Nollie.Ingra@gmail.com,firefighter,2020-05-08,Mauritania,Cannes
746,Marnia,Moseley,Marnia.Moseley@gmail.com,police officer,2021-09-16,Puerto Rico,Shenyang
747,Annora,Flyn,Annora.Flyn@gmail.com,police officer,2020-09-12,Kuwait,Saint John
748,Adelle,Zina,Adelle.Zina@gmail.com,police officer,2021-03-30,Northern Mariana Islands,Brazzaville
749,Ketti,Granoff,Ketti.Granoff@gmail.com,worker,2022-03-29,Angola,Las Palmas de Gran Canaria
750,Penelopa,Alice,Penelopa.Alice@gmail.com,developer,2020-01-05,Czech Republic,Xi'an
751,Belinda,Carleen,Belinda.Carleen@gmail.com,police officer,2021-07-04,Guam,Dili
752,Leanna,Stephie,Leanna.Stephie@gmail.com,police officer,2022-01-09,Lebanon,Santo Domingo
753,Shauna,Arne,Shauna.Arne@gmail.com,police officer,2021-07-24,Qatar,Yaoundé
754,Glynnis,Primalia,Glynnis.Primalia@gmail.com,police officer,2022-03-24,Ethiopia,Glasgow
755,Sue,Juliet,Sue.Juliet@gmail.com,developer,2021-07-23,Russian Federation,Salzburg
756,Donetta,Amasa,Donetta.Amasa@gmail.com,developer,2022-01-04,Morocco,Porto
757,Margalo,Sigfrid,Margalo.Sigfrid@gmail.com,worker,2022-04-29,Afghanistan,Pune
758,Genovera,Libna,Genovera.Libna@gmail.com,firefighter,2020-02-05,Niue,City of San Marino
759,Shirlee,Oscar,Shirlee.Oscar@gmail.com,firefighter,2022-04-26,Syrian Arab Republic,Dakar
760,Donetta,Phaidra,Donetta.Phaidra@gmail.com,police officer,2021-11-24,United States,Dammam
761,Lanae,Nicoline,Lanae.Nicoline@gmail.com,firefighter,2020-08-30,Barbados,Cincinnati
762,Damaris,Blake,Damaris.Blake@gmail.com,doctor,2020-01-20,Guam,Douglas
763,Alameda,Bennie,Alameda.Bennie@gmail.com,doctor,2020-06-06,Lebanon,Nice
764,Kelly,Llovera,Kelly.Llovera@gmail.com,police officer,2021-01-20,Vanuatu,Charlotte
765,Beverley,Noelyn,Beverley.Noelyn@gmail.com,doctor,2021-08-01,United States Minor Outlying Islands,Davao City
766,Babita,Riordan,Babita.Riordan@gmail.com,developer,2020-10-27,United States Minor Outlying Islands,Durban
767,Clary,Liebermann,Clary.Liebermann@gmail.com,worker,2020-03-27,Ethiopia,Kraków
768,Evita,Blake,Evita.Blake@gmail.com,worker,2021-12-10,Indonesia,Srinagar
769,Mariele,Wilkinson,Mariele.Wilkinson@gmail.com,doctor,2022-04-23,Northern Mariana Islands,Damascus
770,Merci,Truc,Merci.Truc@gmail.com,worker,2022-05-13,Mauritius,Maceió
771,Elmira,Loeb,Elmira.Loeb@gmail.com,developer,2021-05-09,Jamaica,Ndola
772,Flory,Earlie,Flory.Earlie@gmail.com,developer,2021-03-05,China,Francistown
773,Amalie,Arvo,Amalie.Arvo@gmail.com,worker,2021-05-02,Burundi,Cayenne
774,Wendi,Velick,Wendi.Velick@gmail.com,police officer,2020-12-18,"Taiwan, Province of China",Dili
775,Stephanie,Mott,Stephanie.Mott@gmail.com,doctor,2021-09-10,Denmark,Agartala
776,Wilma,Izaak,Wilma.Izaak@gmail.com,firefighter,2020-05-07,AndorrA,Kandy
777,Cacilie,Aaberg,Cacilie.Aaberg@gmail.com,worker,2022-02-24,Estonia,Nakhon Ratchasima
778,Katharina,Bahr,Katharina.Bahr@gmail.com,developer,2022-07-20,Falkland Islands (Malvinas),Puebla
779,Tierney,Rugen,Tierney.Rugen@gmail.com,firefighter,2021-03-25,Venezuela,Kawasaki
780,Belva,Markman,Belva.Markman@gmail.com,doctor,2021-12-13,Libyan Arab Jamahiriya,Mbabane
781,Corina,Bollay,Corina.Bollay@gmail.com,police officer,2021-05-13,Netherlands,Cuiabá
782,Carolina,Stuart,Carolina.Stuart@gmail.com,firefighter,2021-02-20,Germany,Belfast
783,Laure,Brittani,Laure.Brittani@gmail.com,firefighter,2021-12-08,Mauritania,Alexandria
784,Karina,Berard,Karina.Berard@gmail.com,worker,2020-04-27,Venezuela,Darwin
785,Sue,Bobbee,Sue.Bobbee@gmail.com,firefighter,2021-10-09,Cambodia,Hilo
786,Dorice,Berne,Dorice.Berne@gmail.com,developer,2021-12-17,Central African Republic,Agartala
787,Millie,Lilas,Millie.Lilas@gmail.com,developer,2021-03-27,Japan,Edmonton
788,Elmira,Nadia,Elmira.Nadia@gmail.com,doctor,2020-03-28,Cameroon,Detroit
789,Jemie,Wallis,Jemie.Wallis@gmail.com,doctor,2020-12-06,Holy See (Vatican City State),Berlin
790,Elsie,Fry,Elsie.Fry@gmail.com,developer,2020-12-17,Nicaragua,Palembang
791,Aurelie,Lesley,Aurelie.Lesley@gmail.com,firefighter,2020-05-13,Norway,Forked River
792,Rosabelle,Boycey,Rosabelle.Boycey@gmail.com,developer,2021-12-05,United States,Chuí
793,Deirdre,Boycey,Deirdre.Boycey@gmail.com,firefighter,2022-05-11,Bhutan,Dongguan
794,Edith,Orlene,Edith.Orlene@gmail.com,doctor,2022-07-07,"Virgin Islands, British",Port Louis
795,Dominga,Septima,Dominga.Septima@gmail.com,developer,2021-09-28,Togo,Riyadh
796,Tilly,Rocray,Tilly.Rocray@gmail.com,police officer,2022-02-01,Senegal,Yellowknife
797,Britni,Elephus,Britni.Elephus@gmail.com,doctor,2020-10-31,Kazakhstan,Osaka
798,Sissy,Anyah,Sissy.Anyah@gmail.com,police officer,2022-05-14,Chile,Taiyuan
799,Luci,Kirbee,Luci.Kirbee@gmail.com,doctor,2021-05-14,"Iran, Islamic Republic Of",Taiyuan
800,Sybille,Robertson,Sybille.Robertson@gmail.com,doctor,2020-03-17,Papua New Guinea,San Fernando
801,Mahalia,Dudley,Mahalia.Dudley@gmail.com,doctor,2021-01-03,"Cote D""Ivoire",Adelaide
802,Binny,Jehu,Binny.Jehu@gmail.com,doctor,2021-02-21,Cayman Islands,Houston
803,Constance,Thomasina,Constance.Thomasina@gmail.com,developer,2020-09-05,Morocco,Karachi
804,Yvonne,Noman,Yvonne.Noman@gmail.com,doctor,2021-06-14,Christmas Island,Tripoli
805,Jany,Lauraine,Jany.Lauraine@gmail.com,doctor,2020-09-05,Turks and Caicos Islands,Malang
806,Nessie,Valoniah,Nessie.Valoniah@gmail.com,worker,2020-06-08,Mongolia,Kansas City
807,Benita,Mehalek,Benita.Mehalek@gmail.com,firefighter,2021-05-17,Anguilla,Kaesong
808,Gisela,Buttaro,Gisela.Buttaro@gmail.com,doctor,2020-02-29,Tokelau,Valdivia
809,Millie,Yerkovich,Millie.Yerkovich@gmail.com,doctor,2021-11-22,Saint Lucia,Murmansk
810,Claudina,Emmaline,Claudina.Emmaline@gmail.com,police officer,2020-08-11,Sierra Leone,Osaka
811,Amara,Peti,Amara.Peti@gmail.com,firefighter,2020-07-23,Cambodia,Honiara
812,Myrtice,Colyer,Myrtice.Colyer@gmail.com,worker,2022-05-25,Haiti,Zhengzhou
813,Kimmy,Minetta,Kimmy.Minetta@gmail.com,doctor,2021-03-18,Suriname,Shenzhen
814,Amara,Bevin,Amara.Bevin@gmail.com,worker,2022-04-14,Turks and Caicos Islands,Nouakchott
815,Ebonee,Wildermuth,Ebonee.Wildermuth@gmail.com,worker,2022-03-11,Uganda,Tijuana
816,Kimberley,Erich,Kimberley.Erich@gmail.com,worker,2020-06-10,Congo,N'Djamena
817,Lexine,Cleavland,Lexine.Cleavland@gmail.com,worker,2020-10-07,Viet Nam,Houston
818,Gavrielle,Thad,Gavrielle.Thad@gmail.com,firefighter,2022-01-26,AndorrA,Shigatse
819,Elena,Fiann,Elena.Fiann@gmail.com,doctor,2022-07-05,Guernsey,Antwerp
820,Karly,Wooster,Karly.Wooster@gmail.com,police officer,2020-12-27,Italy,Glasgow
821,Evita,Joeann,Evita.Joeann@gmail.com,worker,2022-07-07,Germany,Hargeisa
822,Gertrud,Chandler,Gertrud.Chandler@gmail.com,doctor,2022-06-17,Libyan Arab Jamahiriya,Alor Star
823,Jorry,Afton,Jorry.Afton@gmail.com,police officer,2021-05-18,Guinea,Panama City
824,Lacie,Earlie,Lacie.Earlie@gmail.com,worker,2020-05-22,Luxembourg,Nagoya
825,Theodora,Joachim,Theodora.Joachim@gmail.com,worker,2022-07-24,Czech Republic,Regina
826,Joceline,Merna,Joceline.Merna@gmail.com,police officer,2022-03-08,Suriname,Handan
827,Marnia,Darrell,Marnia.Darrell@gmail.com,police officer,2020-01-18,Malawi,Brasília
828,Renie,Uird,Renie.Uird@gmail.com,firefighter,2021-03-14,Botswana,Naypyidaw
829,Carmencita,Melan,Carmencita.Melan@gmail.com,doctor,2021-08-26,French Guiana,Alofi
830,Cherilyn,Kare,Cherilyn.Kare@gmail.com,firefighter,2020-02-09,Argentina,Castries
831,Randa,Kamaria,Randa.Kamaria@gmail.com,police officer,2020-09-30,Cayman Islands,Bahía Blanca
832,Ninnetta,Kare,Ninnetta.Kare@gmail.com,police officer,2020-11-24,Mauritania,Indianapolis
833,Christal,Connelly,Christal.Connelly@gmail.com,doctor,2022-07-19,Israel,Perth
834,Helena,Erminia,Helena.Erminia@gmail.com,doctor,2020-04-10,Palau,Medellín
835,Anthia,Gillan,Anthia.Gillan@gmail.com,developer,2020-07-13,"Taiwan, Province of China",Magadan
836,Gusty,Danby,Gusty.Danby@gmail.com,developer,2020-07-25,Italy,Pretoria
837,Mureil,Dearborn,Mureil.Dearborn@gmail.com,worker,2022-07-07,Slovakia,Bogotá
838,Grier,Melleta,Grier.Melleta@gmail.com,firefighter,2021-09-01,"Korea, Democratic People""S Republic of",Vladivostok
839,Natka,Thornburg,Natka.Thornburg@gmail.com,police officer,2020-11-14,Saint Helena,Port-au-Prince
840,Krystle,Posner,Krystle.Posner@gmail.com,developer,2021-12-05,Saint Lucia,Ushuaia
841,Maud,Delp,Maud.Delp@gmail.com,developer,2020-02-19,Turks and Caicos Islands,Hiroshima
842,Catharine,Stephie,Catharine.Stephie@gmail.com,doctor,2020-05-29,Sudan,Lomé
843,Maryellen,Gregrory,Maryellen.Gregrory@gmail.com,firefighter,2022-01-29,Central African Republic,Mogadishu
844,Mara,Kronfeld,Mara.Kronfeld@gmail.com,doctor,2022-06-24,Peru,Dar es Salaam
845,Dennie,Giule,Dennie.Giule@gmail.com,firefighter,2022-01-24,Sao Tome and Principe,Nassau
846,Lorie,Orelee,Lorie.Orelee@gmail.com,firefighter,2020-08-22,Austria,Bogotá
847,Shaine,Fax,Shaine.Fax@gmail.com,worker,2022-06-06,Gibraltar,Jaipur
848,Rhea,Holbrook,Rhea.Holbrook@gmail.com,police officer,2020-02-07,"Micronesia, Federated States of",Wellington
849,Angelique,Seagraves,Angelique.Seagraves@gmail.com,developer,2021-07-26,Antarctica,Praia
850,Dorice,Colyer,Dorice.Colyer@gmail.com,firefighter,2020-01-01,Haiti,Jerusalem
851,Latisha,Prober,Latisha.Prober@gmail.com,doctor,2020-10-10,"Taiwan, Province of China",Algiers
852,Dyann,Joachim,Dyann.Joachim@gmail.com,firefighter,2021-03-29,Sudan,Townsville
853,Celisse,Evvie,Celisse.Evvie@gmail.com,firefighter,2021-10-13,Canada,Seoul
854,Margalo,Ackerley,Margalo.Ackerley@gmail.com,worker,2021-08-16,Sierra Leone,Port Moresby
855,Marita,Penelopa,Marita.Penelopa@gmail.com,developer,2020-08-14,Swaziland,Mwanza
856,Britte,Toor,Britte.Toor@gmail.com,developer,2021-12-27,Peru,Ashgabat
857,Jessamyn,Hutchison,Jessamyn.Hutchison@gmail.com,police officer,2020-01-05,Trinidad and Tobago,Ndola
858,Cacilie,Chinua,Cacilie.Chinua@gmail.com,doctor,2021-07-17,Christmas Island,San Carlos de Bariloche
859,Atlanta,Maurine,Atlanta.Maurine@gmail.com,police officer,2021-07-22,"Korea, Republic of",Madrid
860,Daphne,Mitzi,Daphne.Mitzi@gmail.com,firefighter,2020-08-28,Angola,Doha
861,Barbara,Brian,Barbara.Brian@gmail.com,police officer,2020-06-22,Uruguay,Yerevan
862,Ardenia,Faro,Ardenia.Faro@gmail.com,doctor,2021-01-01,Tajikistan,Belfast
863,Merrie,Bluh,Merrie.Bluh@gmail.com,doctor,2021-05-05,Bermuda,Yamoussoukro
864,Devina,Dowski,Devina.Dowski@gmail.com,firefighter,2022-01-08,Australia,Palikir
865,Andree,Heisel,Andree.Heisel@gmail.com,police officer,2021-10-10,Uzbekistan,Montreal
866,Peri,Lane,Peri.Lane@gmail.com,developer,2021-03-10,Bolivia,Austin
867,Micheline,Bach,Micheline.Bach@gmail.com,developer,2021-03-13,"Moldova, Republic of",Libreville
868,Roberta,Noman,Roberta.Noman@gmail.com,developer,2021-08-19,Timor-Leste,Labasa
869,Candi,Waldron,Candi.Waldron@gmail.com,developer,2021-08-18,Solomon Islands,Valparaíso
870,Brooks,Hamil,Brooks.Hamil@gmail.com,worker,2021-11-11,Greenland,Tagbilaran
871,Hayley,Hazlett,Hayley.Hazlett@gmail.com,worker,2020-10-02,Gambia,Raleigh
872,Tersina,Kronfeld,Tersina.Kronfeld@gmail.com,firefighter,2021-05-02,Cocos (Keeling) Islands,Salzburg
873,Cordi,Kellby,Cordi.Kellby@gmail.com,worker,2022-02-12,Papua New Guinea,Tashkent
874,Tierney,Eno,Tierney.Eno@gmail.com,police officer,2021-04-14,Antarctica,Tabriz
875,Lyssa,Holtz,Lyssa.Holtz@gmail.com,worker,2020-06-07,Solomon Islands,Townsville
876,Gerrie,Shelba,Gerrie.Shelba@gmail.com,worker,2020-02-15,Nicaragua,San Fernando
877,Merrie,Loeb,Merrie.Loeb@gmail.com,doctor,2020-09-19,"Congo, The Democratic Republic of the",Yogyakarta (city)
878,Genevra,Leopold,Genevra.Leopold@gmail.com,firefighter,2020-12-04,Brunei Darussalam,Luanda
879,Madeleine,Schenck,Madeleine.Schenck@gmail.com,worker,2020-10-11,Sri Lanka,Lyon
880,Vevay,Remmer,Vevay.Remmer@gmail.com,police officer,2021-12-18,Senegal,Bandar Seri Begawan
881,Zondra,Euridice,Zondra.Euridice@gmail.com,developer,2021-08-24,Palau,Las Palmas de Gran Canaria
882,Ada,Wadell,Ada.Wadell@gmail.com,developer,2022-04-24,Sudan,Calgary
883,Silvana,Lesley,Silvana.Lesley@gmail.com,firefighter,2022-02-18,Germany,Detroit
884,Binny,Wind,Binny.Wind@gmail.com,firefighter,2021-05-12,Germany,Accra
885,Sharai,Calhoun,Sharai.Calhoun@gmail.com,firefighter,2022-01-28,Mexico,Lucknow
886,Nessie,Ricki,Nessie.Ricki@gmail.com,firefighter,2020-01-01,Argentina,Nouméa
887,Frieda,Mandler,Frieda.Mandler@gmail.com,firefighter,2021-03-26,"Palestinian Territory, Occupied",Tianjin
888,Alyda,Zuzana,Alyda.Zuzana@gmail.com,firefighter,2021-05-31,Greenland,Wichita
889,Reeba,Yerkovich,Reeba.Yerkovich@gmail.com,police officer,2020-02-28,Cuba,Kharkiv
890,Hermione,Greyson,Hermione.Greyson@gmail.com,worker,2020-02-24,Vanuatu,Chişinău
891,Rhoda,Judye,Rhoda.Judye@gmail.com,worker,2022-07-12,Viet Nam,Kandahar
892,Dominga,Garrison,Dominga.Garrison@gmail.com,firefighter,2021-02-06,United States Minor Outlying Islands,Zhengzhou
893,Marjie,Kussell,Marjie.Kussell@gmail.com,worker,2022-03-10,Mexico,Chittagong
894,Collen,Raama,Collen.Raama@gmail.com,police officer,2020-07-13,Mauritius,Sarajevo
895,Mariann,Dash,Mariann.Dash@gmail.com,police officer,2022-06-03,Equatorial Guinea,Guatemala City
896,Ida,Lamoree,Ida.Lamoree@gmail.com,firefighter,2020-03-15,Mali,Bissau
897,Lonnie,Nance,Lonnie.Nance@gmail.com,firefighter,2021-11-24,Lebanon,Jakarta
898,Frances,Kiyoshi,Frances.Kiyoshi@gmail.com,police officer,2021-03-14,Wallis and Futuna,Hanover
899,Jan,Fleeta,Jan.Fleeta@gmail.com,firefighter,2020-08-06,Sudan,Dibrugarh
900,Noelle,Johnsson,Noelle.Johnsson@gmail.com,developer,2020-07-10,Trinidad and Tobago,Bandung
901,Ardys,Stav,Ardys.Stav@gmail.com,police officer,2021-04-15,Guinea,Pekanbaru
902,Heida,Glovsky,Heida.Glovsky@gmail.com,police officer,2021-11-13,Sao Tome and Principe,Kota Bharu
903,Stacey,Jena,Stacey.Jena@gmail.com,police officer,2021-11-04,Tajikistan,Oklahoma City
904,Silvana,Rosette,Silvana.Rosette@gmail.com,doctor,2022-03-20,Central African Republic,Perth
905,Vivia,Pitt,Vivia.Pitt@gmail.com,developer,2021-09-16,Pakistan,Ndola
906,Jacenta,Linehan,Jacenta.Linehan@gmail.com,developer,2020-05-29,Yemen,Khartoum
907,Orelia,Wenda,Orelia.Wenda@gmail.com,doctor,2022-06-02,Indonesia,Apia
908,Sandie,Alabaster,Sandie.Alabaster@gmail.com,firefighter,2022-02-09,American Samoa,Tampa
909,Lila,Rheingold,Lila.Rheingold@gmail.com,police officer,2021-05-09,Libyan Arab Jamahiriya,New Delhi
910,Gwyneth,Yerkovich,Gwyneth.Yerkovich@gmail.com,doctor,2022-07-13,Belize,Majuro
911,Dione,Genna,Dione.Genna@gmail.com,firefighter,2021-02-01,Burundi,Nantes
912,Pierette,Strephon,Pierette.Strephon@gmail.com,developer,2021-06-17,AndorrA,Ulan Bator
913,Maud,Tarrant,Maud.Tarrant@gmail.com,doctor,2020-10-10,Niger,Denver
914,Angela,Germann,Angela.Germann@gmail.com,doctor,2020-02-02,Liberia,Buffalo
915,Priscilla,Chick,Priscilla.Chick@gmail.com,police officer,2021-03-30,Saint Helena,Vilnius
916,Karina,Saint,Karina.Saint@gmail.com,developer,2021-05-05,Czech Republic,Naples
917,Jolyn,Shaver,Jolyn.Shaver@gmail.com,doctor,2021-03-12,Italy,Veracruz
918,Linzy,Rubie,Linzy.Rubie@gmail.com,worker,2022-04-19,Zambia,Surabaya
919,Leia,Marlie,Leia.Marlie@gmail.com,police officer,2020-08-29,Norway,Bangkok
920,Margette,Gregrory,Margette.Gregrory@gmail.com,worker,2021-04-11,Liechtenstein,Doha
921,Caressa,Hedve,Caressa.Hedve@gmail.com,firefighter,2022-06-27,Slovenia,Calgary
922,Priscilla,Oster,Priscilla.Oster@gmail.com,firefighter,2021-07-01,Zambia,Yerevan
923,Mathilda,Dom,Mathilda.Dom@gmail.com,worker,2021-12-20,Chile,Ottawa
924,Micheline,Tarrant,Micheline.Tarrant@gmail.com,firefighter,2021-11-13,Turkmenistan,Bulawayo
925,Thalia,Israeli,Thalia.Israeli@gmail.com,developer,2022-02-26,"Tanzania, United Republic of",Zapopan
926,Ekaterina,Avi,Ekaterina.Avi@gmail.com,doctor,2021-08-25,Lithuania,Strasbourg
927,Winifred,Screens,Winifred.Screens@gmail.com,worker,2020-09-18,Reunion,Douglas
928,Evita,Maurine,Evita.Maurine@gmail.com,worker,2021-06-14,Dominica,Chişinău
929,Renae,Gunn,Renae.Gunn@gmail.com,firefighter,2021-04-05,Bolivia,Hobart
930,Britni,Pernick,Britni.Pernick@gmail.com,firefighter,2020-12-01,Cocos (Keeling) Islands,Tripoli
931,Catrina,Claudine,Catrina.Claudine@gmail.com,developer,2022-03-27,Togo,Lahore
932,Jacenta,Norvol,Jacenta.Norvol@gmail.com,firefighter,2021-09-29,Uzbekistan,The Valley
933,Jaime,Annice,Jaime.Annice@gmail.com,worker,2020-03-10,Sudan,Kolkata
934,Clo,MacIntosh,Clo.MacIntosh@gmail.com,developer,2021-08-14,South Georgia and the South Sandwich Islands,Tampa
935,Belva,Wiener,Belva.Wiener@gmail.com,worker,2021-01-23,Bulgaria,Pontianak
936,Feliza,Kristi,Feliza.Kristi@gmail.com,developer,2020-06-27,AndorrA,Port Vila
937,Kamilah,Marisa,Kamilah.Marisa@gmail.com,developer,2021-06-18,Sweden,Sukhumi
938,Janis,Hillel,Janis.Hillel@gmail.com,worker,2020-08-08,Ecuador,Dededo
939,Madalyn,Madox,Madalyn.Madox@gmail.com,firefighter,2022-02-25,Anguilla,Auckland
940,Sybille,Mich,Sybille.Mich@gmail.com,worker,2020-09-22,"Congo, The Democratic Republic of the",Ipoh
941,Lelah,Stover,Lelah.Stover@gmail.com,doctor,2021-03-05,American Samoa,Ankara
942,Mathilda,Calhoun,Mathilda.Calhoun@gmail.com,doctor,2021-05-03,Afghanistan,Quebec City
943,Orsola,Nea,Orsola.Nea@gmail.com,police officer,2022-04-21,Venezuela,Nakhon Ratchasima
944,Georgetta,Munn,Georgetta.Munn@gmail.com,doctor,2020-08-29,Reunion,Busan
945,Tobe,Edee,Tobe.Edee@gmail.com,worker,2020-02-10,Antarctica,Whitehorse
946,Josephine,Dermott,Josephine.Dermott@gmail.com,doctor,2021-10-19,Central African Republic,Petropavlovsk-Kamchatsky
947,Ashlee,Kylander,Ashlee.Kylander@gmail.com,police officer,2020-05-14,Myanmar,Saskatoon
948,Margarette,Dichy,Margarette.Dichy@gmail.com,developer,2022-04-16,Oman,Paris
949,Ardeen,Katrine,Ardeen.Katrine@gmail.com,firefighter,2020-02-05,Montserrat,Cannes
950,Ricky,Dermott,Ricky.Dermott@gmail.com,firefighter,2020-09-28,United States,Charlottetown
951,Dawn,Ries,Dawn.Ries@gmail.com,firefighter,2021-04-07,Dominica,Kabul
952,Dianemarie,Anderea,Dianemarie.Anderea@gmail.com,police officer,2020-01-29,Oman,Los Angeles
953,Jorry,Talia,Jorry.Talia@gmail.com,doctor,2022-07-02,Nigeria,Nanjing
954,Darci,Cosenza,Darci.Cosenza@gmail.com,doctor,2020-11-17,Equatorial Guinea,Chongqing
955,Shauna,Ashok,Shauna.Ashok@gmail.com,developer,2022-05-30,South Africa,Baku
956,Joceline,Kiyoshi,Joceline.Kiyoshi@gmail.com,police officer,2020-03-18,Uruguay,Jaipur
957,Damaris,Jacinda,Damaris.Jacinda@gmail.com,police officer,2021-11-05,Marshall Islands,Nice
958,Evita,August,Evita.August@gmail.com,police officer,2021-12-27,Zambia,Makati City
959,Emmey,Urias,Emmey.Urias@gmail.com,firefighter,2020-02-27,Cook Islands,Riga
960,Darlleen,Trey,Darlleen.Trey@gmail.com,firefighter,2021-08-25,Equatorial Guinea,Sana'a
961,Rochette,Wind,Rochette.Wind@gmail.com,developer,2020-05-31,Lesotho,Timbuktu
962,Sheree,Mallon,Sheree.Mallon@gmail.com,police officer,2020-02-22,Grenada,Rio Branco
963,Chickie,Sisile,Chickie.Sisile@gmail.com,police officer,2021-03-22,Portugal,Podgorica
964,Tracey,Wu,Tracey.Wu@gmail.com,doctor,2021-06-20,Ghana,Monaco
965,Arabel,Hachmin,Arabel.Hachmin@gmail.com,doctor,2020-05-15,Ukraine,Brazzaville
966,Emmey,Fredi,Emmey.Fredi@gmail.com,worker,2021-08-14,Brazil,Dili
967,Sara-Ann,Jacobah,Sara-Ann.Jacobah@gmail.com,police officer,2020-09-17,Estonia,Dededo
968,Carree,Claudine,Carree.Claudine@gmail.com,doctor,2022-07-28,Holy See (Vatican City State),Taichung
969,Lacie,Melleta,Lacie.Melleta@gmail.com,police officer,2021-06-22,Costa Rica,Tokyo
970,Janenna,Dearborn,Janenna.Dearborn@gmail.com,police officer,2020-07-17,Thailand,Vaduz
971,Charlena,Ophelia,Charlena.Ophelia@gmail.com,firefighter,2022-04-30,Hungary,Vitória
972,Gerianna,Mullane,Gerianna.Mullane@gmail.com,developer,2021-08-02,New Caledonia,Dodoma
973,Wendi,Billye,Wendi.Billye@gmail.com,doctor,2020-03-08,American Samoa,Chuí
974,Desirae,Clywd,Desirae.Clywd@gmail.com,police officer,2021-07-22,Turkey,Konya
975,Heida,Ethban,Heida.Ethban@gmail.com,worker,2022-02-16,Austria,Paramaribo
976,Allyce,Meter,Allyce.Meter@gmail.com,worker,2021-10-09,Afghanistan,Brussels
977,Harrietta,Arley,Harrietta.Arley@gmail.com,developer,2021-04-26,Sweden,Basse-Terre
978,Darlleen,Dawkins,Darlleen.Dawkins@gmail.com,firefighter,2020-11-09,Sri Lanka,Tartu
979,Anestassia,Thornburg,Anestassia.Thornburg@gmail.com,firefighter,2021-10-31,Austria,Luxembourg (city)
980,Joceline,Colp,Joceline.Colp@gmail.com,worker,2021-09-28,Azerbaijan,Tampa
981,Stevana,Constancy,Stevana.Constancy@gmail.com,police officer,2022-05-21,Isle of Man,Curitiba
982,Bobinette,Chobot,Bobinette.Chobot@gmail.com,firefighter,2020-12-01,Chile,Kandahar
983,Inga,Delila,Inga.Delila@gmail.com,developer,2022-06-17,Latvia,Budapest
984,Mellicent,Leary,Mellicent.Leary@gmail.com,firefighter,2022-07-24,Colombia,Blantyre
985,Andree,Georas,Andree.Georas@gmail.com,police officer,2022-05-22,Belize,Funafuti
986,Amara,Cressida,Amara.Cressida@gmail.com,developer,2021-01-29,Equatorial Guinea,Luxembourg (city)
987,Dawn,Percy,Dawn.Percy@gmail.com,firefighter,2021-12-19,Romania,Harare
988,Elie,Holbrook,Elie.Holbrook@gmail.com,worker,2020-11-28,Oman,Tel Aviv
989,Marcelline,Nerita,Marcelline.Nerita@gmail.com,worker,2021-11-11,Bahrain,Muscat
990,Eadie,Lasley,Eadie.Lasley@gmail.com,firefighter,2021-04-30,Seychelles,Manchester
991,Ermengarde,Brackely,Ermengarde.Brackely@gmail.com,doctor,2020-10-13,Peru,Medellín
992,Theodora,Peti,Theodora.Peti@gmail.com,police officer,2020-10-14,Somalia,Baghdad
993,Estell,Pozzy,Estell.Pozzy@gmail.com,police officer,2021-09-27,Cameroon,Ludhiana
994,Kirbee,Septima,Kirbee.Septima@gmail.com,police officer,2021-10-25,British Indian Ocean Territory,Tskhinvali
995,Sara-Ann,Ader,Sara-Ann.Ader@gmail.com,doctor,2020-09-23,Bulgaria,Kiev
996,Elise,Urania,Elise.Urania@gmail.com,worker,2022-06-25,Gibraltar,Djibouti (city)
997,Marinna,Bibi,Marinna.Bibi@gmail.com,police officer,2022-04-25,Greece,Espoo
998,Dulce,Muriel,Dulce.Muriel@gmail.com,worker,2021-08-21,Sudan,Norilsk
999,Rivalee,Greenwald,Rivalee.Greenwald@gmail.com,police officer,2020-01-17,Croatia,Antananarivo
1000,Ginnie,O'Carroll,Ginnie.O'Carroll@gmail.com,doctor,2021-12-26,Sao Tome and Principe,Malé
1001,Lory,Libna,Lory.Libna@gmail.com,worker,2020-03-06,Botswana,Shillong
1002,Kerrin,Bennie,Kerrin.Bennie@gmail.com,worker,2021-12-09,United Arab Emirates,Assis
1003,Marsiella,Toni,Marsiella.Toni@gmail.com,developer,2020-12-20,Cook Islands,Lagos
1004,Arlina,Gunn,Arlina.Gunn@gmail.com,worker,2020-07-08,Sierra Leone,Puebla
1005,Lorne,Guildroy,Lorne.Guildroy@gmail.com,doctor,2022-07-05,Haiti,Agartala
1006,Ronna,Peg,Ronna.Peg@gmail.com,firefighter,2021-01-24,Madagascar,Dongguan
1007,Grier,Ioab,Grier.Ioab@gmail.com,police officer,2021-07-24,Colombia,Anadyr (town)
1008,Philis,Isidore,Philis.Isidore@gmail.com,firefighter,2022-01-24,Senegal,Dallas
1009,Johna,Ciro,Johna.Ciro@gmail.com,police officer,2022-04-28,Romania,Okinawa
1010,Nananne,Koziara,Nananne.Koziara@gmail.com,worker,2020-01-31,Mozambique,Cockburn Town
1011,Heida,Manolo,Heida.Manolo@gmail.com,police officer,2022-03-23,Kuwait,Greenwich
1012,Gratia,Nance,Gratia.Nance@gmail.com,worker,2021-10-22,Kazakhstan,Chennai
1013,Layla,Lynn,Layla.Lynn@gmail.com,worker,2021-06-03,Ethiopia,Havana
1014,Luci,Celestine,Luci.Celestine@gmail.com,doctor,2021-02-16,Guinea,Saint Petersburg
1015,Chandra,Daniele,Chandra.Daniele@gmail.com,developer,2020-09-09,Peru,Surabaya
1016,Chastity,Rosemary,Chastity.Rosemary@gmail.com,police officer,2021-09-15,Anguilla,Yogyakarta (city)
1017,Fanchon,Hamil,Fanchon.Hamil@gmail.com,worker,2022-04-11,Sao Tome and Principe,Stuttgart
1018,Tera,Hunfredo,Tera.Hunfredo@gmail.com,police officer,2020-01-12,Ghana,Thiès
1019,Cacilie,Paine,Cacilie.Paine@gmail.com,firefighter,2022-01-12,Czech Republic,Lviv
1020,Jessy,Naashom,Jessy.Naashom@gmail.com,firefighter,2020-04-24,Martinique,Malacca Town
1021,Talya,Oneida,Talya.Oneida@gmail.com,worker,2020-08-05,San Marino,Lahore
1022,Darlleen,Phaidra,Darlleen.Phaidra@gmail.com,doctor,2020-10-16,British Indian Ocean Territory,Lubumbashi
1023,Flo,Mata,Flo.Mata@gmail.com,firefighter,2021-07-30,Afghanistan,Brussels
1024,Cristabel,Wesle,Cristabel.Wesle@gmail.com,worker,2021-03-08,Central African Republic,São José dos Campos
1025,Elena,Monaco,Elena.Monaco@gmail.com,developer,2021-02-05,Central African Republic,Palikir
1026,Tera,McAdams,Tera.McAdams@gmail.com,doctor,2020-07-04,Chad,Sucre
1027,Yolane,Linehan,Yolane.Linehan@gmail.com,police officer,2020-09-25,AndorrA,Taichung
1028,Dulcinea,Arne,Dulcinea.Arne@gmail.com,firefighter,2020-12-03,Angola,Banda Aceh
1029,Kamilah,Seagraves,Kamilah.Seagraves@gmail.com,firefighter,2021-03-06,Sri Lanka,Valparaíso
1030,Madeleine,Carey,Madeleine.Carey@gmail.com,police officer,2021-09-03,"Macedonia, The Former Yugoslav Republic of",Zhengzhou
1031,Laurene,Curren,Laurene.Curren@gmail.com,doctor,2020-12-10,Greenland,Baltimore
1032,Kalina,Presber,Kalina.Presber@gmail.com,developer,2020-10-06,New Zealand,Lomé
1033,Abbie,Billye,Abbie.Billye@gmail.com,doctor,2020-01-30,Ethiopia,Padang
1034,Mallory,Karna,Mallory.Karna@gmail.com,firefighter,2021-10-09,Falkland Islands (Malvinas),Huế
1035,Daryl,Braun,Daryl.Braun@gmail.com,worker,2022-05-21,Myanmar,Cotonou
1036,Giustina,Jerald,Giustina.Jerald@gmail.com,doctor,2021-12-20,Bulgaria,Fairbanks
1037,Susette,Faust,Susette.Faust@gmail.com,firefighter,2020-12-19,Kyrgyzstan,Lhasa
1038,Ernesta,Chapland,Ernesta.Chapland@gmail.com,police officer,2021-07-20,Australia,Zürich
1039,Elie,Posner,Elie.Posner@gmail.com,worker,2021-12-25,Algeria,Moroni
1040,Rochette,Quinn,Rochette.Quinn@gmail.com,doctor,2020-01-29,Bhutan,Moscow
1041,Daphne,Eckblad,Daphne.Eckblad@gmail.com,doctor,2021-06-05,"Congo, The Democratic Republic of the",Balikpapan
1042,Brana,Aida,Brana.Aida@gmail.com,developer,2020-05-27,Argentina,Luanda
1043,Jean,Yam,Jean.Yam@gmail.com,doctor,2022-02-19,"Micronesia, Federated States of",Ponta Delgada
1044,Charmaine,Hashim,Charmaine.Hashim@gmail.com,police officer,2021-07-30,Sierra Leone,Geneva
1045,Aili,Dowski,Aili.Dowski@gmail.com,doctor,2021-05-14,Uruguay,Port Moresby
1046,Iseabal,Toor,Iseabal.Toor@gmail.com,developer,2021-02-03,Fiji,Kota Bharu
1047,Claresta,Zamora,Claresta.Zamora@gmail.com,police officer,2020-12-20,Chile,Surat
1048,Lexine,Hebner,Lexine.Hebner@gmail.com,firefighter,2021-10-17,Nauru,Las Vegas
1049,Kamilah,Rozanna,Kamilah.Rozanna@gmail.com,doctor,2020-01-02,Burkina Faso,Tucson
1050,Belinda,Winthorpe,Belinda.Winthorpe@gmail.com,firefighter,2021-11-21,Guyana,Changchun
1051,Bobinette,Yusuk,Bobinette.Yusuk@gmail.com,worker,2022-02-19,Congo,Zürich
1052,Regina,Claudine,Regina.Claudine@gmail.com,developer,2020-02-09,Paraguay,Glasgow
1053,Libbie,Pulsifer,Libbie.Pulsifer@gmail.com,firefighter,2020-01-24,Portugal,Jinan
1054,Dania,Ellord,Dania.Ellord@gmail.com,police officer,2022-03-08,El Salvador,Strasbourg
1055,Tina,Haymes,Tina.Haymes@gmail.com,developer,2022-06-04,Georgia,Cebu City
1056,Elyssa,Simmonds,Elyssa.Simmonds@gmail.com,doctor,2022-01-03,Togo,Simferopol
1057,Jerry,Terencio,Jerry.Terencio@gmail.com,firefighter,2020-10-20,Burundi,Bulawayo
1058,Kore,Edvard,Kore.Edvard@gmail.com,police officer,2021-10-27,Kuwait,Glasgow
1059,Collen,Rubie,Collen.Rubie@gmail.com,doctor,2022-05-09,Panama,Timbuktu
1060,Babita,Roche,Babita.Roche@gmail.com,doctor,2022-03-18,Monaco,St. John's
1061,Lucy,Clarissa,Lucy.Clarissa@gmail.com,developer,2022-05-27,Lithuania,Apia
1062,Rori,Ranjiv,Rori.Ranjiv@gmail.com,police officer,2021-03-04,"Virgin Islands, U.S.",Bissau
1063,Carol-Jean,Ariella,Carol-Jean.Ariella@gmail.com,firefighter,2020-04-06,Wallis and Futuna,Mérida
1064,Mildrid,Lareena,Mildrid.Lareena@gmail.com,doctor,2020-12-04,Greece,Iquitos
1065,Cherrita,Morrill,Cherrita.Morrill@gmail.com,police officer,2020-05-01,Bahamas,Jinan
1066,Almeta,Hollingsworth,Almeta.Hollingsworth@gmail.com,developer,2022-03-30,Croatia,Porto Velho
1067,Sybille,Alarise,Sybille.Alarise@gmail.com,developer,2021-01-20,"Lao People""S Democratic Republic",Moroni
1068,Lorie,Thar,Lorie.Thar@gmail.com,doctor,2020-01-21,Saint Vincent and the Grenadines,Adana
1069,Halette,Aida,Halette.Aida@gmail.com,doctor,2021-03-29,Switzerland,Bratislava
1070,Ada,Jorgan,Ada.Jorgan@gmail.com,firefighter,2021-10-29,Austria,Ho Chi Minh City
1071,Kristina,Trinetta,Kristina.Trinetta@gmail.com,developer,2021-03-24,France,Arequipa
1072,Elmira,Norvol,Elmira.Norvol@gmail.com,developer,2020-01-22,Bahrain,Xining
1073,Lyssa,Harl,Lyssa.Harl@gmail.com,police officer,2021-03-20,Spain,El Paso
1074,Rayna,Atcliffe,Rayna.Atcliffe@gmail.com,police officer,2021-12-21,Chad,Cairo
1075,Adele,Avi,Adele.Avi@gmail.com,firefighter,2022-04-15,Burundi,Port Said
1076,Shandie,Fax,Shandie.Fax@gmail.com,firefighter,2022-01-07,Croatia,São Paulo
1077,Hallie,Zina,Hallie.Zina@gmail.com,worker,2021-05-21,Niger,San Salvador
1078,Rosabelle,Kirbee,Rosabelle.Kirbee@gmail.com,firefighter,2022-04-10,Saudi Arabia,Guatemala City
1079,Tina,Sacken,Tina.Sacken@gmail.com,worker,2022-01-01,French Guiana,Sarajevo
1080,Anestassia,Avi,Anestassia.Avi@gmail.com,police officer,2021-07-23,Togo,Pittsburgh
1081,Kimberley,Philipp,Kimberley.Philipp@gmail.com,developer,2021-12-29,Barbados,Saint-Pierre
1082,Kristina,Anyah,Kristina.Anyah@gmail.com,developer,2021-08-02,Falkland Islands (Malvinas),Mamoudzou
1083,Correy,Trace,Correy.Trace@gmail.com,police officer,2020-02-27,Israel,Bern
1084,Marcelline,Stefa,Marcelline.Stefa@gmail.com,developer,2021-03-01,Austria,Manila
1085,Carmela,Maroney,Carmela.Maroney@gmail.com,firefighter,2021-07-21,Mozambique,Gibraltar
1086,Dania,Kat,Dania.Kat@gmail.com,firefighter,2020-12-21,American Samoa,Anchorage
1087,Tobe,Lucienne,Tobe.Lucienne@gmail.com,developer,2021-05-26,Anguilla,Innsbruck
1088,Catrina,Bluh,Catrina.Bluh@gmail.com,worker,2020-04-06,South Africa,Lomé
1089,Kial,Gladstone,Kial.Gladstone@gmail.com,worker,2022-05-08,Denmark,Rabat
1090,Clementine,Ardeha,Clementine.Ardeha@gmail.com,developer,2020-10-08,South Africa,Hanga Roa
1091,Amalie,Byrne,Amalie.Byrne@gmail.com,doctor,2020-01-31,Ethiopia,Kingston
1092,Nikki,Faust,Nikki.Faust@gmail.com,firefighter,2022-04-17,Zimbabwe,Nanjing
1093,Tami,Merat,Tami.Merat@gmail.com,worker,2020-03-08,"Cote D""Ivoire",Sabha
1094,Latisha,Sigfrid,Latisha.Sigfrid@gmail.com,worker,2021-12-10,"Korea, Republic of",Beijing
1095,Shel,Morgun,Shel.Morgun@gmail.com,police officer,2022-02-21,Nigeria,Ciudad del Este
1096,Korrie,Chrystel,Korrie.Chrystel@gmail.com,worker,2020-02-19,"Taiwan, Province of China",Srinagar
1097,Moyna,Sidonius,Moyna.Sidonius@gmail.com,worker,2022-04-25,Panama,Brazzaville
1098,Wendi,Tillford,Wendi.Tillford@gmail.com,worker,2021-08-18,Falkland Islands (Malvinas),Istanbul
1099,Feliza,Cloris,Feliza.Cloris@gmail.com,firefighter,2020-05-08,New Zealand,Cork (city)